title,positionInfo,model,area,direction,zhuangxiu,floor,create_time,floor_type,totalPrice,unitPrice
迎宾苑中间楼层，简装修满5年。,迎宾苑镬子山庄迎宾苑,,,,,,,,219,"19,236"
中庆润泽院 3室2厅 南,中庆润泽院,,,,,,,,210,"25,651"
太平桥社区 4室2厅 南 北,太平桥社区,,,,,,,,315,"18,820"
迎春路，采光好，配套齐全，满五年唯一住房,春晖社区,,,,,,,,152,"26,723"
此房满五年，采光视野好，地铁口，精装，户型正,华庭云顶,,,,,,,,209,"16,674"
俯瞰山河 环境优美 寄情于山水之间 忘却城市喧嚣,云水山居,,,,,,,,180,"15,446"
位置不错！视野也是开阔！采光充足，宋都品质！,宋都怀石雅苑,,,,,,,,400,"30,347"
紫云山庄新出地铁口精装修2层房源,紫云山庄,,,,,,,,137,"31,215"
房子是东边套，带露台，融创开发，人车分流,融创微风之城,4室2厅,150.24平米,南 北,毛坯,下叠(共3层),板楼,叠拼别墅,430,"28,621"
鹿山新城，2021年新交付，精装修带地暖,阳光城山水悦江府,,,,,,,,310,"26,327"
阳光城品质 电梯洋房 三开间朝南全明户型 配套齐全,阳光城悦景湾,,,,,,,,230,"23,374"
小区为人车分流，共分为五期开发，莱蒙物业，次新房,融创微风之城,,,,,,,,185,"20,250"
3期下叠排 次新房 带两层地下室 南花园 户型方正,融创微风之城,,,,,,,,420,"31,290"
微风之城4房2卫西边套 看房方便 中上楼层视野好,融创微风之城,,,,,,,,265,"19,135"
联排东边套，朝南大花园，有双车位，视野开阔,万科玖望,4室2厅,179.34平米,南 北,毛坯,3层,塔楼,双拼别墅,750,"41,821"
肖邦东区 电梯房 高楼层   边套好户型,现代肖邦,,,,,,,,286,"20,207"
融创开发 上叠排自带电梯 带大露台 人车分流,融创微风之城,4室3厅,147.37平米,南,毛坯,上叠(共4层),板楼,叠拼别墅,420,"28,500"
俯瞰野生动物园全景，好楼层一室小户型,富春硅谷,,,,,,,,72,"21,423"
品质小区，排屋区，上叠排，毛坯，带大阁楼,九龙仓雍景山,,,,,,,,300,"26,573"
天创园  天然的氧气吧  环境优美  适合居住,天创园,,,,,,,,68,"15,302"
麓园 5室2厅 南,麓园,,,,,,,,500,"38,685"
九龙仓雍景山 3室2厅 西南,九龙仓雍景山,3室2厅,113.7平米,西南,简装,5层,板楼,联排别墅,320,"28,145"
富宸嘉苑 4室2厅 南,富宸嘉苑,,,,,,,,335,"24,341"
富阳东洲逸城精装修带地暖大三房，满5年无增值税。,逸城,,,,,,,,228,"16,593"
野生动物园旁，次新小区，中高楼层，精致装修,野风春晓,,,,,,,,205,"23,320"
银湖单价2万的联排 绿城物业  有天有地  欢迎您的品鉴,富春红郡,4室2厅,314.45平米,南,简装,3层,板楼,联排别墅,650,"20,672"
野风精装修2房 满5次新房 诚心出售,野风春晓,,,,,,,,170,"23,536"
240万的装修，边套，大花园，全屋空调地暖，套房设计,万科君望,3室2厅,174.52平米,南,精装,1层,塔楼,联排别墅,998,"57,186"
联排东边套，大花园，100方地下室，双车位，满五年,三江鸣翠蓝湾,4室2厅,219.66平米,东南,简装,3层,板楼,联排别墅,600,"27,315"
施家园花苑北区 4室2厅 南,施家园花苑北区,,,,,,,,248,"16,271"
颐景山庄 2室2厅 南,颐景山庄,,,,,,,,168,"19,777"
银湖野风秋雅，好楼层三室两卫出售,野风秋雅,,,,,,,,200,"22,656"
鸣翠桃源 来源阁  边套 装修好房源,三江鸣翠桃源,,,,,,,,225,"16,892"
次新小区 楼层好 环境好 位置好 业主诚心出售,云水山居,,,,,,,,150,"15,144"
地铁口排屋，小区全新，地铁6号线就在小区口,和昌云栖玖著,4室2厅,138.37平米,南 北,毛坯,3层,板楼,独栋别墅,620,"44,808"
宋都江宸府118.73方320万,宋都江宸府,,,,,,,,328,"27,626"
次新小区，地铁6号线旁，安静适宜居住,和昌云栖玖著,4室2厅,138.97平米,南,毛坯,3层,暂无数据,联排别墅,600,"43,175"
真正的地铁口好房，采光充足，环境优美，交通便利,和昌云栖玖著,4室2厅,167.04平米,东 南,毛坯,3层,板楼,联排别墅,1000,"59,866"
绿城中式联排 带电梯井双车位 位置好视野开阔,富春玫瑰园,4室2厅,255.22平米,南,毛坯,3层,板塔结合,联排别墅,950,"37,223"
绿城中式大宅 花园1100方 实用面积1500方 六车位,富春玫瑰园,6室3厅,816平米,南,毛坯,3层,板塔结合,联排别墅,6500,"79,657"
玫瑰园中式合院，花园方正，带地下室和车位,富春玫瑰园,,,,,,,,1150,"37,561"
上林湖类独栋别墅  三开间朝南 南面无遮挡  随时看房,阳光城上林湖,4室2厅,318.87平米,西南,毛坯,3层,板塔结合,双拼别墅,1200,"37,633"
上林湖地中海大别墅 花园面积很大哦，全是套房设计,阳光城上林湖,5室2厅,301.28平米,南 北,毛坯,3层,板塔结合,双拼别墅,1400,"46,469"
富春硅谷 2室1厅 东南,富春硅谷,,,,,,,,100,"20,463"
天创园 1室1厅 西北,天创园,,,,,,,,65,"12,867"
野生动物园旁，视野开阔，交通便利，业主诚心出售,施家园花苑南区,,,,,,,,200,"15,938"
阳光城西郊半岛 2室2厅 南,阳光城西郊半岛,,,,,,,,178,"20,441"
玫瑰园新上独栋别墅，大花园户型位置好，全明地下室,富春玫瑰园,4室1厅,407.68平米,南,毛坯,2层,板塔结合,独栋别墅,2200,"53,964"
杭州野生动物园旁 花园洋房精装修 次新房,阳光城悦景湾,3室2厅,127.71平米,南 北,精装,5层,板楼,联排别墅,500,"39,152"
位于野生动物园边，俯瞰整个野生动物园，loft精装修,富春硅谷,,,,,,,,80,"24,170"
6号地铁口，银湖站，2016年交付下叠，带花园地下室,麓园,,,,,,,,450,"34,817"
富春诚品北区精装 东边套 随时入住，免去装修烦恼,中天·富春诚品北区,,,,,,,,270,"25,673"
施家园花苑南区 2室2厅 南,施家园花苑南区,,,,,,,,148,"18,379"
此房满五年唯一，精装修 小区绿化好 楼层好光线好,逸城,,,,,,,,260,"20,449"
新出三期联排，位置好，私家花园，全明地下室，户型正,三江鸣翠蓝湾,4室2厅,212.58平米,东南,简装,4层,板楼,联排别墅,600,"28,225"
跃层户型，总价低，实用面积大，五房四卫,逸城,,,,,,,,280,"17,607"
万科君望大双拼 南进门南入户 花园150方集中方正,万科君望,,,,,,,,1100,"37,099"
精装修跃层，一线江景，带电梯，视野无遮挡,逸城,,,,,,,,370,"17,523"
宋都怀石雅苑新上大花园下叠排，业主因工作调动急售,宋都怀石雅苑,,,,,,,,420,"30,210"
富阳东洲新上联排中套，小区中间位置，业主急售！！！,宋都怀石雅苑,,,,,,,,520,"32,377"
富阳鹿山山水悦府中套精装修70.6方,山水悦府,,,,,,,,270,"38,244"
泰禾野风大城小院 6室2厅 南,泰禾野风大城小院,6室2厅,299.79平米,南,毛坯,1层,板楼,联排别墅,700,"23,350"
独立别墅，大花园，拎包入住，诚心出售,九龙山庄,4室2厅,305.26平米,南 北,精装,2层,板楼,独栋别墅,1800,"58,967"
大排屋三层装修带阁楼居住舒适，房东诚售,九龙仓雍景山,,,,,,,,1000,"44,108"
阳光城上林湖 3室2厅 南,阳光城上林湖,3室2厅,138.33平米,南,毛坯,5层,板塔结合,联排别墅,308,"22,266"
架空半层  视野开阔  户型正气  南北通,金宇彩虹嘉都,,,,,,,,200,"17,073"
紫云山庄 联排双拼边套 6号线科创园站就在小区门口,紫云山庄,,,,,,,,298,"27,295"
葛溪西路 2室2厅 南,葛溪西路,,,,,,,,125,"13,871"
诚售  西郊半岛  精装修    3室,阳光城西郊半岛,,,,,,,,200,"21,775"
乐汇城 复式 酒店式 层高5.49米 房东诚售 看房方便,乐汇城,,,,,,,,70,"15,470"
新登公寓，次新小区，装修新，诚心出售,富春港,,,,,,,,60,"11,877"
格局方正，楼层高，南向无遮挡，视野好采光佳.,五月香山,,,,,,,,360,"22,811"
五月香山边套电梯房 地铁口 音乐学院旁,五月香山,,,,,,,,300,"19,009"
带花园  精装修 地铁口1.2公里 房东诚售,野风秋雅,,,,,,,,235,"20,607"
富春水岸 3室2厅 南,富春水岸,,,,,,,,120,"14,610"
拎包入住 物业品质好的低总价公寓房 生活交通便利,万科大家九都会,,,,,,,,62,"21,839"
富春江花园！独栋别墅区！环境优美！,富春江花苑,,,,,,,,1500,"38,128"
中式排屋西边套，大花园，位置好，双层地下室全明户型,富春玫瑰园,4室2厅,280平米,南,毛坯,3层,板塔结合,联排别墅,1400,"50,000"
三联嘉苑 3室2厅 南,三联嘉苑,,,,,,,,170,"12,119"
大平层精装修 可拎包入住 电梯房中间楼层,三联嘉苑,,,,,,,,310,"18,934"
清风泰安苑西区 16楼  70平方  155万 满5年,清风泰安苑西区,,,,,,,,155,"22,118"
富宸嘉苑 4室2厅 南,富宸嘉苑,,,,,,,,335,"24,341"
野风精装修2房 满5次新房 诚心出售,野风春晓,,,,,,,,170,"23,536"
富阳东洲逸城精装修带地暖大三房，满5年无增值税。,逸城,,,,,,,,228,"16,593"
独栋别墅 花园600多方集中南面 视野开阔 南面无遮挡,绿城·七里香溪别墅园,5室2厅,313.54平米,南,简装,2层,塔楼,独栋别墅,2150,"68,572"
花园洋房东边套，单价低，近小区花园，满五年,逸城,,,,,,,,300,"13,732"
绿城新中式合院大宅 位置好视野开阔 落地面积大,富春玫瑰园,5室2厅,536.68平米,南,毛坯,3层,板塔结合,联排别墅,2900,"54,036"
野生动物园 6号地铁 旁 云栖玖著排屋诚售。,和昌云栖玖著,4室2厅,126.37平米,南,毛坯,3层,板楼,联排别墅,525,"41,545"
玫瑰园法式排屋，挑高餐厅，带地下室，可装电梯,富春玫瑰园,4室2厅,238.2平米,南,毛坯,3层,板塔结合,联排别墅,850,"35,685"
九龙仓雍景山 山景排屋（叠墅）东边套 花园集中朝南,九龙仓雍景山,5室2厅,123.22平米,南,毛坯,下叠(共5层),板楼,叠拼别墅,420,"34,086"
新中式合院大宅 花园500方 户型正气 位置好私密性强,富春玫瑰园,6室3厅,537.34平米,南 北,毛坯,3层,板塔结合,联排别墅,5000,"93,051"
联排西边套  采光户型好 私家花园  交通便利,和昌云栖玖著,4室2厅,167.66平米,南 北,毛坯,3层,板楼,联排别墅,760,"45,330"
美和院 和昌云栖玖著 新出 联排别墅边套 带双车位,和昌云栖玖著,5室2厅,167.68平米,南 西,简装,3层,板楼,双拼别墅,750,"44,729"
精装   带阁楼  业主诚售  近地铁,铭鹤花园,,,,,,,,206,"23,386"
绿城富春玫瑰园 中式联排 带有电梯井 双车位 环境优美,富春玫瑰园,,,,,,,,1198,"37,671"
东洲绿城玫瑰园  环境优美 排屋别墅,富春玫瑰园,,,,,,,,900,"34,861"
中式排屋 南北庭院  带地下室 位置好,九龍一號,,,,,,,,615,"19,779"
富春玫瑰园 中式联排 带有电梯井 双车位,富春玫瑰园,5室3厅,255.2平米,南,毛坯,3层,板塔结合,联排别墅,880,"34,483"
地铁野生动物园东站就在小区门口，采光充足，环境优美,和昌云栖玖著,5室2厅,167.1平米,西 南,毛坯,3层,板楼,联排别墅,725,"43,388"
地铁6号线旁 云栖玖著 排屋别墅车位两个急售,和昌云栖玖著,4室2厅,125.87平米,南,毛坯,3层,板楼,独栋别墅,580,"46,080"
虎山雅苑 次新小区 地段好 楼层好 物业管理到位！,虎山雅苑,,,,,,,,350,"21,979"
联排边套 花园300方 带装修直接拎包入住,绿城·七里香溪别墅园,4室2厅,243.26平米,西南,精装,2层,暂无数据,联排别墅,1500,"61,663"
地铁6号线旁，出小区就是，次新房联排别墅，有天有地.,和昌云栖玖著,,,,,,,,475,"37,768"
地铁口，排屋，地势佳，三大露台带花园，空气、水质优,紫云山庄,5室1厅,142.13平米,南,简装,3层,板楼,双拼别墅,320,"22,515"
安静位置 独立别墅 花园550方左右 房子总占地674方,金苑山庄,4室2厅,253.22平米,南 北,精装,2层,板塔结合,双拼别墅,1250,"49,365"
精装叠排 共三层 有大露台  房东诚售,三江鸣翠蓝湾,4室2厅,200.61平米,南 北,精装,上叠(共4层),板楼,叠拼别墅,500,"24,924"
6号线地铁口，独立别墅，上面加了一整层，有天有地,紫云山庄,10室2厅,175.48平米,南,精装,4层,板楼,独栋别墅,600,"34,192"
南北通风，快活楼层采光充足，配套齐全，交通..,浪漫香槟东区,,,,,,,,178,"19,853"
富春玫瑰园 新中式联排  双层地下室双车位,富春玫瑰园,4室3厅,255.21平米,南,毛坯,3层,板塔结合,联排别墅,860,"33,698"
五月香山 品质别墅区内*多层洋房 带电梯 交通便利,五月香山,,,,,,,,305,"21,099"
富春玫瑰园别墅，环境优美，空气清新安静,富春玫瑰园,5室2厅,302.82平米,南,毛坯,3层,板塔结合,联排别墅,1230,"40,619"
南园路，封闭式小区 ，楼层好，交通方便,春南社区,,,,,,,,253,"21,936"
富春湾新城  春江香樟苑 3室2卫,春江香樟苑,,,,,,,,163,"17,358"
云水山居东边套，房子视野看出去无遮挡,云水山居,,,,,,,,210,"18,020"
品质绿城！法式排屋！南花园，采光好！,富春玫瑰园,4室2厅,243.61平米,南,毛坯,3层,板塔结合,联排别墅,810,"33,250"
富春湾新城   春江香樟苑  3室2卫,春江香樟苑,,,,,,,,160,"16,327"
紫云山庄，地铁口，东边套带花园，大露台，5层排屋,紫云山庄,5室2厅,169平米,南,简装,3层,板楼,联排别墅,380,"22,486"
颐景山庄，多层跃层，中式精装修，有露台，车库一个,颐景山庄,,,,,,,,398,"22,115"
6号线地铁口，双拼别墅，有天有地，有花园，采光好,紫云山庄,5室2厅,169平米,南,精装,3层,板楼,联排别墅,450,"26,628"
地铁6号线旁，精装修一室一厅公寓，诚心出售,天创园,,,,,,,,69,"13,658"
一线湖景房 小区环境优 楼间距宽 配套成熟 交通便利,三江鸣翠蓝湾,3室2厅,197.65平米,南,精装,下叠(共5层),板楼,叠拼别墅,500,"25,298"
独立别墅沿湖 景观视野开阔 花园900多方 花园有产权,万安秀水山庄,5室2厅,438平米,南 北,精装,2层,板楼,独栋别墅,2800,"63,927"
类独栋双拼别墅，地势高，大花园,阳光城上林湖,6室2厅,285.78平米,南 北,毛坯,3层,板塔结合,双拼别墅,1300,"45,490"
近地铁6号线 全新精装修 6套房设计 大露、台,泰禾野风大城小院,6室2厅,299.79平米,南,精装,4层,板楼,联排别墅,800,"26,686"
精装修大面积独立别墅，大花园，视野开阔,万安秀水山庄,6室3厅,438平米,南,精装,2层,板楼,独栋别墅,2500,"57,078"
满五唯一！精装修拎包入住！蓝湾三期下叠大花园边套,三江鸣翠蓝湾,,,,,,,,488,"25,425"
房东诚心售卖，双车位，带花园，总价低。,莱蒙水榭山,4室2厅,179.61平米,南,毛坯,3层,板塔结合,联排别墅,550,"30,622"
"西边套，阳光很好,带地下室，双车库双车位",阳光城上林湖,,,,,,,,780,"36,239"
富春江边，复古中式庭院，带露台可与青山据林对话,富春玫瑰园,4室2厅,316.23平米,南,毛坯,2层,板塔结合,联排别墅,1180,"37,315"
纯别墅区 位置好 花园平整 花园有产权 居家养老之家,万安秀水山庄,5室2厅,434.46平米,南,精装,2层,板楼,独栋别墅,1910,"43,963"
大有清竹蓝庭交通出行方便的小区很大的花园精装修联排,大有清竹蓝庭,5室2厅,245.63平米,南,精装,3层,板楼,联排别墅,700,"28,499"
联排中间套，地上三层。北进门南北花园！,九龙山庄,5室2厅,253.74平米,东南,毛坯,2层,板楼,联排别墅,750,"29,558"
排屋边套 采光好 上下四层 花园集中,九龙仓雍景山,5室2厅,309.16平米,南 北,毛坯,4层,板楼,联排别墅,880,"28,465"
内独栋别墅，客厅挑空自带电梯井。有大露台！,泰禾野风大城小院,4室2厅,400.89平米,南,毛坯,4层,板楼,联排别墅,900,"22,451"
铭鹤花园  精装修  带阁楼  视野采光好,铭鹤花园,,,,,,,,245,"22,717"
联排东边套 带双露台 沿水系 地势高 视野开阔,上林湖,,,,,,,,900,"34,526"
颐景山庄，跃层一线山景，南见湖，北依山，三间朝南，,颐景山庄,,,,,,,,345,"19,632"
西湖接壤  6号线5站到转塘 出行方便,泰禾野风大城小院,4室4厅,256.99平米,南 北,精装,3层,板楼,联排别墅,900,"35,021"
富春山居精装修带地暖，花园1000方集中朝南,富春山居,5室3厅,298.67平米,南 北,精装,2层,暂无数据,独栋别墅,2200,"73,660"
玫瑰园中式现房排屋，南进门双车位，诚心出售,富春玫瑰园,4室2厅,255.21平米,南,毛坯,3层,板塔结合,联排别墅,965,"37,812"
东洲绿城富春玫瑰园新中式联排 双层地下室双车位,富春玫瑰园,4室2厅,254.3平米,南,毛坯,3层,板塔结合,联排别墅,1000,"39,324"
精装修排屋 南花园 地铁口800米  近转塘,云河福邸,4室2厅,201.89平米,南,精装,3层,板楼,联排别墅,618,"30,611"
连体别墅，有天有地，有花园，有地下室，价格可谈,云水山居,4室2厅,231.34平米,南,毛坯,4层,板楼,联排别墅,580,"25,072"
地铁口，东边套，刚装修好的，卧室多间，空间大,紫云山庄,,,,,,,,195,"30,845"
"地铁口,格局方正,位置好.视野开阔，采光充足，满5",大有清竹蓝庭,,,,,,,,650,"26,423"
地铁口，精心设计装修，带车位，带花园，房东诚心出售,五月香山,4室2厅,235.93平米,东南,精装,3层,板楼,双拼别墅,780,"33,061"
房子是中间套，户型方正，花园集中在南面,九龙仓雍景山,,,,,,,,850,"29,864"
此房为中式庭院江南水乡建筑风格小区居住环境安静舒适,九龍一號,3室2厅,298.15平米,南,精装,3层,板楼,联排别墅,760,"25,491"
富春玫瑰园法式排屋 精装修 拎包入住,富春玫瑰园,5室2厅,263.94平米,南,精装,2层,板塔结合,独栋别墅,1500,"56,832"
沿江排屋，东南亚风格联排，带全明地下室，双车位。,莱蒙水榭山,4室2厅,166.12平米,南 北,毛坯,3层,板塔结合,联排别墅,558,"33,591"
玫瑰园新上景观别墅，花园500方视野景观好，自带水系,富春玫瑰园,5室2厅,300.55平米,南,毛坯,3层,板塔结合,联排别墅,2500,"83,181"
书柜多阳台多亭榭花园精装修中式排屋,九龙山庄,5室2厅,293.83平米,南,精装,3层,板楼,联排别墅,850,"28,929"
九龙仓雍景山带电梯井联排别墅，地上4层带地下室,九龙仓雍景山,5室2厅,324.56平米,南,毛坯,4层,板楼,联排别墅,980,"30,195"
蓝湾3期联排东边套，户型方正 私密性好,三江鸣翠蓝湾,5室2厅,218.43平米,南 北,简装,4层,板楼,联排别墅,650,"29,758"
绿城中式合院东边套，景观位置，南进门户型，带地下室,富春玫瑰园,4室2厅,332.41平米,南 北,毛坯,3层,板塔结合,联排别墅,1550,"46,630"
精装修带电梯联排边套，房东装修用了500万还没有住过,九龙仓雍景山,,,,,,,,1290,"40,495"
逸城三期临水系精装联排，拎包入住，业主置换诚心急售,逸城,4室2厅,212.78平米,南 北,精装,3层,板楼,联排别墅,675,"31,723"
玫瑰园法式联排 位置好 南面视野开阔  两层全明地下室,富春玫瑰园,5室2厅,250.09平米,南,简装,3层,板塔结合,联排别墅,820,"32,789"
新法式排屋，带双车位，朝南花园，西边套,富春玫瑰园,4室2厅,221.8平米,西,毛坯,3层,板塔结合,联排别墅,850,"38,323"
万科公望四期精装别墅，大花园全南户型，地势高风景好,万科公望,5室2厅,280.05平米,南,精装,2层,板楼,独栋别墅,2220,"79,272"
水印林语  双联排边套  精装修 好房源,山水水印林语,5室3厅,322.96平米,东南,精装,3层,平房,独栋别墅,1860,"57,593"
金苑山庄独栋别墅满五年262.26方1500万,金苑山庄,4室2厅,262.26平米,北 南,精装,2层,板楼,双拼别墅,1450,"55,289"
南进门南花园 光线充足 地下室全明,阳光城上林湖,,,,,,,,660,"30,607"
富春山居，花园417房..............,富春山居,,,,,,,,2180,"71,033"
莱蒙水榭山新中式联排中套，依山傍水，环境优美，急售,莱蒙水榭山,4室2厅,233.73平米,南,毛坯,3层,板塔结合,联排别墅,660,"28,238"
玫瑰园法式排屋，带2个车位，带地下室，南花园,富春玫瑰园,4室2厅,221.59平米,南 北,毛坯,3层,板塔结合,联排别墅,810,"36,554"
排屋 全新装修 套房设计 看房方便,绿城·七里香溪别墅园,4室2厅,235.29平米,南,精装,3层,塔楼,独栋别墅,970,"41,226"
徽派建筑，中国风格浓郁，古朴隽永,九龍一號,4室2厅,396.59平米,北 南,简装,3层,板楼,联排别墅,1300,"32,780"
三江鸣翠蓝湾 3室2厅 西南,三江鸣翠蓝湾,3室2厅,197.97平米,西南,毛坯,5层,板楼,联排别墅,420,"21,216"
银湖地铁口，花园100方，180度山景，看房有钥匙,大有清竹蓝庭,4室2厅,216.54平米,东南,毛坯,4层,板楼,联排别墅,540,"24,938"
逸城三期满五联排中套，地下室，采光井都已经弄好了！,逸城,4室2厅,213.23平米,南 北,简装,3层,板楼,联排别墅,580,"27,201"
玲珑府新出中间套户型，满五年楼层好，诚售,玲珑府,,,,,,,,490,"65,763"
江南小户型总价低 户型好 楼层好,迎春南苑,,,,,,,,385,"46,662"
业主诚心出售，采光好，小区绿化不错,温兴风情苑,,,,,,,,530,"35,545"
江南飞机户型总价低 户型好 楼层好,迎春南苑,,,,,,,,565,"45,628"
户型方正，全明三房，楼层好，双地铁口刚需好房！！,阳光城上府,,,,,,,,435,"49,287"
西兴大面积户型，近天街，配套成熟,滨江西兴街道人民路9号,,,,,,,,400,"26,071"
上府，近滨江，靠天街，双地铁，精装修,阳光城上府,,,,,,,,440,"49,831"
89方3房2卫户型  解决大多数家庭人员多  一卫的困惑,中天官河锦庭,,,,,,,,528,"58,995"
迎春南苑 小户型 低总价  看房方便,迎春南苑,,,,,,,,460,"54,815"
近滨江，靠天街，双地铁，户型方正，不临路,阳光城上府,,,,,,,,500,"56,421"
房东诚心出售改善四房，全城寻找有缘人！,中天官河锦庭,,,,,,,,720,"53,279"
单价便宜 户型方正 房东诚心出售,迎春南苑,,,,,,,,510,"41,070"
房东诚心卖的，看房提前预约（有租客）,迎春南苑,,,,,,,,535,"43,111"
1.5双地铁，龙湖天街旁，生活配套齐全，出租自住都好,玲珑府,,,,,,,,148,"25,579"
北塘河边 南北双阳台全明户型 房东诚心 价格美丽,温兴风情苑,,,,,,,,495,"35,525"
西兴古镇中 次新小区 环境安逸 房东诚售！,歌山品悦府,,,,,,,,650,"50,541"
精装自住，楼栋视野好，40万精装修，收纳强,中天官河锦庭,,,,,,,,545,"60,698"
跃层的房子  近地铁 近天街  纯毛坯,温兴风情苑,,,,,,,,570,"38,631"
户型方正，采光通透，中间楼层，刚需好房，配套齐全,官河路44号,,,,,,,,240,"36,200"
滨康双地铁口，滨江西兴次新小区，上学方便,瑞立东方花城,,,,,,,,460,"51,328"
1号线和5号线滨康路双地铁口，滨江品质，户型方正,时代滨江悦,,,,,,,,970,"69,530"
1号线和5号线滨康路双地铁口，滨江品质，户型方正。,时代滨江悦,,,,,,,,760,"59,454"
满五唯一，近地铁西边套，570万带车位,燕语林森公寓,,,,,,,,550,"40,920"
满五，夹边套，采光通透舒适......,燕语林森公寓,,,,,,,,556,"43,839"
诚心出售，满五不唯一，自住精装修，看房方便,云厦连园,,,,,,,,615,"44,283"
小区唯一多层带电梯 户型方正 精装修,温兴风情苑,,,,,,,,565,"38,017"
刚需大三房，满五单价低!!!!!!!,官河公寓,,,,,,,,370,"30,099"
大面积居住舒服，户型方正好房优选！,铁岭花园,,,,,,,,380,"36,413"
此房满五年，户型方正，精装修保养好，居住舒服,云厦连园,,,,,,,,650,"46,803"
风情苑，居住气氛好，电梯房靠北塘河，总价低，诚售！,温兴风情苑,,,,,,,,360,"38,706"
滨江一步之遥 地铁1号5号就在楼下 景区排屋别墅,阳光城上府,5室3厅,232.19平米,南,毛坯,3层,板楼,联排别墅,1750,"75,370"
兴耀鑫都汇 精装LOFT带阳台 挑空客厅,兴耀鑫都汇,,,,,,,,139,"33,567"
双地铁口 活配套齐全 交通便利 居住舒适 精装loft,玲珑府,,,,,,,,115,"25,143"
万科金辰之光 4室2厅 西,万科金辰之光,,,,,,,,530,"59,464"
附带大露台，得房率很高，现代风格装修，品牌家电。,温兴风情苑,,,,,,,,508,"38,294"
地铁口1号线西兴站，满五年，自住精装，装修很舒适,云厦连园,,,,,,,,430,"49,026"
方正格局，读书一街之隔，近天街近地铁 交通便利,官河公寓,,,,,,,,250,"29,937"
江南大户型总价低 房东底价耍卖,迎春南苑,,,,,,,,450,"32,440"
大面积户型，居住舒服，户型方正。,温兴风情苑,,,,,,,,500,"34,958"
此房满五年唯一，业主诚心出售，采光好，小区绿化不错,温兴风情苑,,,,,,,,568,"35,749"
夹边套户型，视野好，无遮挡，精装修,云厦连园,,,,,,,,435,"49,203"
楼层好视野开阔，通透，三开间朝南,中天官河锦庭,,,,,,,,550,"61,255"
自住精装修，带车位、双地铁、次新小区、诚心卖,阳光城上府,,,,,,,,450,"50,779"
满五年 交通方便，校园门口，地铁边购物旁,官河公寓,,,,,,,,340,"30,502"
1号线和5号线滨康路双地铁口，滨江品质，户型方正。,时代滨江悦,,,,,,,,930,"66,662"
水晶湾城市雅苑，跃层，带*大露台,水晶湾城市雅苑,,,,,,,,600,"40,000"
满五年的诚心卖，低总价的三房。,人民路10号,,,,,,,,270,"33,113"
西兴古镇 连园夹边套户型 双阳台 精装修 采光好无遮挡,云厦连园,,,,,,,,370,"41,974"
精装Loft，拎包入住，诚心出售，交通方便,海威新界,,,,,,,,190,"45,663"
满五年 高楼层 南北通 视野好 诚心出售,欣盛东方郡西区,,,,,,,,600,"66,913"
寰宇天下精装修边套户型，三阳台，南北通风，房东诚售,寰宇天下,,,,,,,,630,"70,071"
江滨澜廷 高楼层 可看江景 精装可拎包入住,江滨澜廷,,,,,,,,200,"34,735"
loft结构，精装修带阳台，民用电。,中赢康康谷,,,,,,,,136,"29,773"
4.79米层高，精装Loft，拎包入住，诚心出售，随时看房,海威新界,,,,,,,,240,"53,704"
此房户型方正  精装修保养的好 拎包入住 视野好,风雅钱塘,,,,,,,,670,"65,945"
江滨澜庭17年交付精装公寓，大厅6m挑高十分气派,江滨澜廷,,,,,,,,230,"37,942"
连园东边套户型，中楼层采光好  。,云厦连园,,,,,,,,440,"50,035"
此房视野开阔，楼层好，采光好，户型方正。,固陵路,,,,,,,,260,"38,651"
西兴四房 近读书近天街近交通 风情大道和地铁无缝对接,温兴风情苑,,,,,,,,550,"36,436"
一五号线双地铁，精装修交付，次新小区，高楼层视野好,阳光城上府,,,,,,,,650,"49,977"
滨康龙湖天街旁、双轨道交通、万科品质精装三房！,万科金辰之光,,,,,,,,375,"42,393"
边套户型，满5年。小区安静位置,迎春南苑,,,,,,,,440,"42,150"
万科精装住宅，户型方正，三房两厅全明户型,万科金辰之光,,,,,,,,421,"47,214"
玲珑次新小区，天街旁交通旁，大三房出租装修,玲珑府,,,,,,,,490,"65,763"
大两房  总价低 电梯房楼层好 视野开阔,迎春南苑,,,,,,,,420,"51,083"
天街旁，户型方正。三开间朝南，得房率高,玲珑府,,,,,,,,470,"63,859"
滨江西兴 满五年 1/5号线 双地铁,燕语林森公寓,,,,,,,,510,"40,123"
此房无增值税 近地铁 纯边套 户型方正 带车位,温兴风情苑,,,,,,,,540,"33,965"
纯边套 万科精装四房  看房方便 诚心出售,万科金辰之光,,,,,,,,480,"53,854"
3房2卫全明户型，楼幢位置好，楼层好，精装修,万科金辰之光,,,,,,,,440,"49,740"
近地铁，出行便利，沿河景观，中高楼层，视野开阔,云厦连园,,,,,,,,620,"44,643"
双地铁500米内 边套户型四房 满五年无个税 采光足,玲珑府,,,,,,,,580,"72,365"
业主诚心出售    中间楼层    没有车位,瑞立东方花城,,,,,,,,500,"57,844"
双地铁口 精装修三房 诚心出售,阳光城上府,,,,,,,,400,"44,859"
此房精装修近地铁楼层好采光不遮挡小区环境好有天街,阳光城上府,,,,,,,,450,"50,466"
上府二期精装修边套 次价格带车位 中高楼层视野很棒,阳光城上府,,,,,,,,450,"50,779"
滨江新出大三房，刚需客户可以了解下,人民路25号,,,,,,,,290,"28,711"
滨康地铁口，满五唯一大四房户型，楼层好，采光好,温兴风情苑,,,,,,,,510,"33,595"
原户型三房。物业龙湖诚心出售满五年,云厦连园,,,,,,,,395,"45,071"
西边套，诚心出售，价格可谈，楼层适中,铁岭花园,,,,,,,,290,"31,413"
三房两卫，边套户型，不临路，诚心出售,阳光城上府,,,,,,,,375,"42,178"
双地铁口，出行方便，配套齐全，精装修可以直接入住,阳光城上府,,,,,,,,385,"43,051"
三房户型带阳台！保养好，户型方正！,铁岭花园,,,,,,,,290,"33,950"
1号和5号双地铁滨康路站旁  房东诚心卖的,玲珑府,,,,,,,,140,"27,296"
交通便利 500米内双地铁 ，精装修loft公寓,玲珑府,,,,,,,,116,"24,122"
两房一卫简装温馨小户型，满足小年轻舒适的蜗居生活,中天官河锦庭,,,,,,,,380,"52,077"
此房满五年，业主自住精装修，楼层好，采光好,中天官河锦庭,,,,,,,,380,"51,687"
此房楼层好，格局好，视野宽阔，采光充足！近滨江，,万科金辰之光,,,,,,,,596,"46,603"
业主诚心出售   此房满五唯一   精装拎包入住,瑞立东方花城,,,,,,,,480,"55,537"
户型方正三房，诚心出售好房源。,云厦连园,,,,,,,,445,"50,317"
官河锦庭刚需两房，业主置换诚心出售,中天官河锦庭,,,,,,,,370,"51,021"
1号线和5号线滨康路双地铁口，滨江品质，户型方正。,时代滨江悦,,,,,,,,727,"56,480"
阳光城上府，高楼层精装3房，业主诚意出售,阳光城上府,,,,,,,,380,"43,114"
低总价三房公寓  诚心出售  价格可以谈,玲珑府,,,,,,,,140,"25,826"
品悦府  中式花园洋房  满五  大露台  低密度容积,歌山品悦府,,,,,,,,650,"50,345"
此房满五唯一，户型采光都比较好，房东诚心出售.,铁岭花园,,,,,,,,368,"35,263"
滨江 大五房 自带露台 顶跃 户型方正 采光充足,温兴风情苑,,,,,,,,860,"34,720"
户型方正，大阳台，诚心出售，精装修，万科物业,万科金辰之光,,,,,,,,420,"47,223"
房子一直是自己住的   装修保养的不错,兴耀鑫都汇,,,,,,,,155,"31,543"
"金辰之光精装小三房,低总价,楼层好",万科金辰之光,,,,,,,,395,"50,229"
采光通风好，套内得房率高，隐蔽储,人民路10号,,,,,,,,235,"38,856"
固陵路 新上好房！此房满五年省税费视野开阔楼层好！,固陵路,,,,,,,,225,"37,847"
固陵路好房！此房满五年省税费，视野开阔楼层好,固陵路,,,,,,,,245,"37,172"
自住精装修，中楼层，次新小区，环境好,中天官河锦庭,,,,,,,,385,"52,900"
1号线和5号线滨康路双地铁口，滨江品质，户型好,时代滨江悦,,,,,,,,850,"60,928"
复式四房好楼层 无遮挡 不沿街,阳光城上府,,,,,,,,630,"50,901"
适合刚需  业主诚心卖   领包入住  看房方便,温兴风情苑,,,,,,,,350,"37,631"
交通便利 500米内双地铁 ，精装修房 ，拥有阁楼,玲珑府,,,,,,,,550,"68,630"
此房诚心出售，大户型4房的边套户型，看房方便,云厦连园,,,,,,,,630,"45,046"
西兴大三房，边套好户型，小区氛围好,温兴风情苑,,,,,,,,450,"42,797"
近北塘河公园 大四房 风情苑房东诚售！,温兴风情苑,,,,,,,,560,"34,783"
满五不唯一朝南双阳台精致小户型,欣盛东方郡东区,,,,,,,,460,"77,953"
满五唯一 精装修 楼层好 视野开阔 诚心出售,欣盛东方郡西区,,,,,,,,590,"66,203"
世贸智慧之门，带阳台，边套户型，一层4户,世茂智慧之门,,,,,,,,165,"37,322"
明月江南三开间朝南的全明户型，中间楼层，采光视野好,绿城明月江南,,,,,,,,660,"74,467"
东方郡夹边套高楼层两房，采光楼层好,欣盛东方郡西区,,,,,,,,600,"67,583"
会呼吸的科技住宅，高楼层，次新小区，恒温恒湿,滨江金茂府,,,,,,,,1800,"116,505"
会呼吸的科技住宅，次新小区，恒温恒湿，配套齐全,滨江金茂府,,,,,,,,2130,"114,008"
精装大四房，边套户型，好楼层，采光好，,新州花苑,,,,,,,,848,"55,746"
三房户型 房东诚心出售，交通配套齐全 龙湖天街边,中兴花园百合苑,,,,,,,,580,"52,704"
房东诚心出售，生活配套完善，出行方便,湘云雅苑,,,,,,,,386,"46,063"
新州花苑大三房，银泰旁，边上市企业多，近江南实验,新州花苑,,,,,,,,800,"53,114"
奥体和滨江区政府双板块，地段成熟，配套全，近钱塘江,缤纷北苑,,,,,,,,450,"36,753"
精装修，银泰旁，看房方便 提包入住,迎春小区,,,,,,,,538,"51,622"
满五唯一，三楼带露台 有钥匙看房方便,钱塘春晓,,,,,,,,830,"60,233"
南北通透。交通便利。配套齐全。满五年,温馨人家,,,,,,,,700,"64,003"
此房满五年，飞机户型，南北可以通气通风 ，交通方便,湘云雅苑,,,,,,,,380,"36,578"
钱塘江边50米，江景房，地段好  奥体旁次新小区！！,寰宇天下,,,,,,,,635,"71,133"
会呼吸的科技住宅，高楼层，次新小区，恒温恒湿,滨江金茂府,,,,,,,,1800,"116,505"
会呼吸的科技住宅，次新小区，恒温恒湿,滨江金茂府,,,,,,,,2150,"114,618"
滨江银泰旁70年低密度小高层住宅，地铁口 交通便利,迎春北苑,,,,,,,,520,"51,323"
次新小区，科技恒温，中楼层，视野宽阔，南北通透,滨江金茂府,,,,,,,,2200,"117,284"
小区正中间楼栋，次新房，北门直通地铁口，楼层视野好,阳光城上府,,,,,,,,650,"49,924"
楼层美丽的精装边套四房，静待有缘人。,万科金辰之光,,,,,,,,470,"52,839"
三开间朝南，明年三月满五唯一，诚心出售,中天官河锦庭,,,,,,,,560,"62,480"
万科金辰之光精装修三房，楼层好，诚心出售,万科金辰之光,,,,,,,,386,"48,088"
风情苑 满二 大四房 房东诚心出售,温兴风情苑,,,,,,,,500,"31,449"
三房loft带露台，卧室通露台，滨康双地铁口，精装次新,玲珑府,,,,,,,,123,"26,892"
玲珑府公寓业主诚心出售   看房联系我,玲珑府,,,,,,,,128,"25,698"
精装修  飞机户型，得房率高。满五年,瑞立东方花城,,,,,,,,1000,"58,614"
星光大道上 房东急卖  精装修拎包入住,星光国际公馆,,,,,,,,105,"19,834"
"精装Loft,拎包入住,诚心出售,交通方便",海威新界,,,,,,,,235,"51,502"
4.79米层高，精装Loft，宽敞阳台，拎包入住，,海威钱塘之星,,,,,,,,299,"46,057"
星耀中心，4.79层高，大理石调控大堂，3层一休息大厅,星耀中心,,,,,,,,305,"47,324"
精装修全屋地暖 小三房可拎包入住业主诚心,龙湖春江郦城,,,,,,,,750,"85,315"
钱塘春晓大厦，区政府，10楼以下办公，10到15层为公寓,钱塘春晓大厦,,,,,,,,175,"30,606"
郦城公馆好房，房东诚心出售采光无影响,龙湖郦城公馆,,,,,,,,195,"36,361"
星耀星澜之城 1室1厅 北,星耀星澜之城,,,,,,,,160,"45,468"
江景好房看房方便，业主诚心出售~,金铂湾,,,,,,,,145,"33,227"
此房精装修，楼层中间，景观视野好，业主诚心出售！,江南星座,,,,,,,,155,"18,574"
1号6号双线地铁 带阳台 交通便利,星耀星澜之城,,,,,,,,218,"49,840"
楼层视野好，业主割爱出售，寻找下一位有缘业主,世茂智慧之门,,,,,,,,140,"33,768"
楼层好的精装修公寓，业主诚心出售,星耀星澜之城,,,,,,,,260,"47,698"
6号线地铁口350米 看房方便,世茂智慧之门,,,,,,,,170,"37,820"
此房为商品房，一线江景，视野开阔,江滨澜廷,,,,,,,,360,"42,939"
本房精装修交付，家具齐全，可拎包入住,中赢云际,,,,,,,,200,"39,340"
温馨人家低总价必看房源，刚需两房，业主诚心,温馨人家,,,,,,,,560,"62,085"
满五唯一 总价低 楼层好 采光好 业主诚心出售,湘云雅苑,,,,,,,,295,"57,461"
精装修，总价低视野好，可以看江景,金铂湾,,,,,,,,120,"27,498"
公寓中滨江这边品质*高的小区了，环境fei常的清净。,星耀星澜之城,,,,,,,,180,"49,397"
本房开发商统一精装，4.79米Loft朝南带阳台，双地铁口,星耀星澜之城,,,,,,,,238,"47,524"
金铂湾 滨江区政府 大平层 精装修  拎包入住,金铂湾,,,,,,,,170,"25,234"
距钱塘江不到200米，开发商统一精装公寓，次新房,金铂湾,,,,,,,,190,"28,203"
江南小户型 楼层高 视野广阔光线好,瑞立中央花城,,,,,,,,405,"75,126"
一线江景 业主自住精装修 视野好 看房方便,金铂湾,,,,,,,,190,"43,539"
滨江区政府，地铁口楼下配套齐全，交通便利,中赢康康谷,,,,,,,,180,"39,405"
一线江景房 面积大 视野好 看房方便,金铂湾,,,,,,,,190,"43,539"
君尚金座 2室2厅 南 西南,君尚金座,,,,,,,,210,"44,351"
不需要购房资格的 大面积双拼公寓,君尚金座,,,,,,,,270,"44,205"
金铂湾一线江景平层公寓，精装修，可直接入住,金铂湾,,,,,,,,220,"43,825"
开发商一手精装公寓，拎包入住的,金铂湾,,,,,,,,150,"34,373"
滨江长河、白马湖动漫广场，总价低户型正采光好,白马湖小区鸿雁苑,,,,,,,,245,"30,706"
中间楼层的飞机户型，采光视野很好，房东诚心出售,中南白马湖壹号,,,,,,,,410,"46,842"
房子楼下就是商铺，南北通透户型，采光视野无遮挡,冠山小区,,,,,,,,382,"38,010"
冠山小区 3室1厅 南 北,冠山小区,,,,,,,,300,"28,899"
夹边套南北通透实际使用面积大功能区都是大落地窗,中南白马湖壹号,,,,,,,,385,"43,254"
四叶草户型，得房高，满五年，房东诚心出售,白马湖小区孔雀苑,,,,,,,,462,"29,931"
白马湖小区  东边套精装3室 诚心出售看湖风景,白马湖小区白鹤苑,,,,,,,,315,"31,269"
中南白马湖壹号 3室2厅 南,中南白马湖壹号,,,,,,,,400,"45,579"
此小区绿城物业。简单装修  次新小区,中南白马湖壹号,,,,,,,,325,"47,978"
白马湖小区小户型，带阁楼，满五,白马湖小区孔雀苑,,,,,,,,250,"49,861"
风景蝶院观园 东边套 2房+书房 可免双税,保亿风景蝶院观园,,,,,,,,320,"37,480"
南北通方正户型，自住精装修，拎包入住,江南铭庭,,,,,,,,320,"36,948"
热卖南北通全明2房，自住精装修，保养好，采光无遮挡,风景蝶院留园,,,,,,,,349,"40,324"
次新小区小面积2房  自住精装修  楼层位置号  诚售,中南白马湖壹号,,,,,,,,338,"49,897"
此房业主诚心出售  看房方便 价格可谈,湖漫雅筑,,,,,,,,400,"44,663"
白马湖壹号排屋，绿城物业，房东诚售，看房方便,中南白马湖壹号,5室2厅,184.63平米,南,毛坯,1层,板楼,联排别墅,1850,"100,201"
东边套三房户型，三房朝南，采光无影响,风景蝶院留园,,,,,,,,535,"37,138"
精装修 楼层好 价格可谈 业主自住 ....,风景蝶院留园,,,,,,,,338,"40,446"
满五唯一，交通便利，环境优雅，生活便捷,保亿风景蝶院观园,,,,,,,,330,"37,008"
白马湖旁，中南建设高品质住宅，边套大3房，诚心出售,中南白马湖壹号,,,,,,,,550,"45,406"
此小区绿城物业。纯毛坯没有住过次新房。,中南白马湖壹号,,,,,,,,340,"42,591"
两开间朝南的小户型，楼下已做两房两厅，有图可参考,保亿风景蝶院观园,,,,,,,,230,"39,608"
高品质三房户型 采光可戴墨镜来看 户型朝南,中南白马湖壹号,,,,,,,,340,"41,929"
房东诚心出售，小区环境优美，居住舒适度高。,冠山小区,,,,,,,,320,"32,145"
南北通大三房，高楼层，采光棒，视野佳，先看同户型！,湖漫雅筑,,,,,,,,420,"47,641"
风景蝶园边套好楼层好全明户型满五年,风景蝶院留园,,,,,,,,352,"39,887"
满五唯一，楼层高，视野开阔，全明格局，标准两房,风景蝶院留园,,,,,,,,330,"38,252"
此房业主诚心出售 看房方便 价格可谈,天官路15号,,,,,,,,340,"27,553"
跃层户型，诚心出售，欢迎咨询好房。,朗庭公馆,,,,,,,,300,"19,868"
冠山小区 中间楼层三房诚心出售,冠山小区,,,,,,,,380,"31,204"
奇数层，套内实用面积大，房子楼层跟面积大,中海定山府,,,,,,,,330,"38,142"
满五唯一 中楼层西边套户型，采光好，视野开阔,融创瑷骊山,,,,,,,,799,"36,723"
两梯两户 偶数层 满两年 税少 *面积多,中海定山府,,,,,,,,280,"31,521"
南北通风 格局方正 满五年  采光好,佳兆业玖珑山,,,,,,,,570,"44,619"
出行方便，地铁6号线口子旁，看房方便,钱江之江新天地,,,,,,,,50,"19,187"
三房户型，小高层，密度低，房东诚心出售,东日晴好,,,,,,,,320,"35,623"
业主自住精装三房，可以直接拎包入住，随时看房,天阳云筑,,,,,,,,330,"38,422"
次顶楼视野，精装自住，拎包入住，价格可谈~,中海定山府,,,,,,,,320,"37,445"
安静不吵中间楼层，满五唯一免个税，自住精装修，诚售,赞成岭上花苑,,,,,,,,415,"31,983"
东边套带车位，视野宽阔，采光充足。适宜居住,赞成岭上花苑,,,,,,,,520,"35,649"
东边套高楼层，全明户型自住精装修，房东诚心出售的。,赞成岭上花苑,,,,,,,,410,"28,129"
新上房源 绿城物业，马上满五 精装修，诚心出售,梧桐燕庐,,,,,,,,315,"35,739"
中间楼层，前排洋房 采光好 无遮挡 诚心出售,中天之江诚品,,,,,,,,399,"45,752"
中天之江诚品中间套 三开间朝南，户型正气 诚心出售,中天之江诚品,,,,,,,,400,"45,076"
满五年 双地铁 品质小区 自住精装带地暖 诚心出售,佳兆业玖珑山,,,,,,,,520,"40,127"
满五唯一，两梯两户，自主装修，诚心卖,中海定山府,,,,,,,,298,"34,443"
满五年 视野无遮挡，户型方正，诚心出售,云溪香山,,,,,,,,468,"34,504"
东边套，采光好。 业主精装修，带阳台,之江富城,,,,,,,,103,"18,886"
此房业主诚心出售，小区环境好，户型好，价格可谈,中海定山府,,,,,,,,600,"36,115"
云栖小镇阿里巴巴国际青年社精装公寓 即买即住即收租,钱江之江新天地,,,,,,,,180,"18,323"
篁外两梯两户，低总价，适合刚需家庭~看房方便,中海定山府,,,,,,,,310,"34,879"
小区环境好#房东诚心出售的#看房提前预约,融创瑷骊山,,,,,,,,278,"37,543"
南区 采光视野好 精装修 诚心卖,云溪香山,,,,,,,,360,"38,213"
采光好 诚心出售 配套齐全 交通便利,融创瑷骊山,,,,,,,,187,"49,934"
两房户型 中间楼层 小面积 近地铁 美院旁,中天之江诚品,,,,,,,,330,"42,997"
次新品质小区 楼层佳 采光好 诚心出售,中天之江诚品,,,,,,,,345,"44,952"
偶数层标准正气户型，自住精装修，产权满五年,朗郡庭园,,,,,,,,378,"44,005"
绿城物业，品质小区，业主诚心出售,绿城之江1号,,,,,,,,320,"40,111"
采光好带阳台 进地铁总价低 潜力大,钱江之江新天地,,,,,,,,52,"17,421"
地铁口不限低总价项目，房东诚意出售的，看房也方便,钱江之江新天地,,,,,,,,66,"21,346"
采光充足 视野宽阔 精装修 诚心出售,钱塘ONE,,,,,,,,135,"32,205"
1楼带负一楼，下沉式花园 诚心卖,中海定山府,,,,,,,,430,"54,431"
转塘美院旁马也美上 一居室 精装修  诚心出售,马也美上,,,,,,,,72,"14,295"
西湖区地铁口   楼层好  视野开阔 诚心出售,西湖国际茶博城,,,,,,,,99,"16,046"
云栖小镇阿里巴巴国际青年社精装公寓 即买即住即收租,钱江之江新天地,,,,,,,,63,"19,028"
"精装公寓,楼层好,采光充足,配套齐全",之江富城,,,,,,,,86,"21,383"
精装修  2室1厅1厨1卫  房东诚售,钱江之江新天地,,,,,,,,120,"19,268"
开发商精装交付，带中空调地暖，小高层密度低，次新房,云都汇中心,,,,,,,,450,"50,756"
房东诚心出售，得房率高，楼层好，南北通，近地铁,天阳云筑,,,,,,,,350,"40,750"
开发商统一4200的装标，带中空调地暖，次新房看房方便,云都汇中心,,,,,,,,420,"47,793"
开发商精装 次新房 业主想尽快出售,云都汇中心,,,,,,,,340,"38,040"
四房二卫 品质小区 开发商精装  得房率高,钱江彩虹府,,,,,,,,500,"50,674"
佳兆业玖珑山 3室2厅 南 北,佳兆业玖珑山,,,,,,,,400,"33,577"
星云 1室1厅 南,星云,,,,,,,,140,"29,094"
房子朝向好，视野好，采光足，交通方便，配套成熟,金街美地,,,,,,,,146,"19,998"
房子是次新房，没有 住过，客厅带阳台，精装loft两房,奥莱金街,,,,,,,,155,"37,440"
距地铁 两百米左右 大阳台 自带奥特莱斯商场和物美,奥莱金街,,,,,,,,115,"26,541"
开发商精装，次新房 有阳台 4.79层高,奥莱金街,,,,,,,,119,"27,961"
朝南采光好，精装拎包入住，诚心出售,星云,,,,,,,,135,"27,882"
视野宽阔，配套齐全，牵手学军 ，总价低,朗郡庭园,,,,,,,,210,"39,445"
自住精装 中上楼层 采光好 诚心出售,中天之江诚品,,,,,,,,310,"40,391"
满五唯一，拎包入住，房东诚心卖,中海定山府,,,,,,,,310,"36,317"
开发商精装带地暖，三开间朝南，客厅带阳台，全明户型,钱江彩虹府,,,,,,,,405,"48,203"
LOFT精装 地铁方便 诚心卖 ，看房方便，,星云,,,,,,,,162,"26,033"
美院北门  精装双钥匙  诚心出售,星光荟,,,,,,,,260,"49,002"
绿城之江1号30万精装，拎包入住，绿城物业,绿城之江1号,,,,,,,,430,"48,572"
杭州市西湖区之江板块 钱塘ONE,钱塘ONE,,,,,,,,99,"34,872"
美院北门  双钥匙精装公寓  拎包入住,星光荟,,,,,,,,260,"49,011"
地铁音乐学院站100米 边套视野好,赞成岭上花苑,,,,,,,,260,"41,264"
绿城精装修两房，户型方正，高挑楼层 ，拎包入住,绿城之江1号,,,,,,,,370,"46,378"
"钱塘湾中间楼层江景房采光好,loft朝南户型，房东诚售",钱塘ONE,,,,,,,,150,"35,783"
精装朝南一线江景房 视野好 楼层好,钱塘ONE,,,,,,,,142,"33,875"
房子朝东西，一线江景， 东西朝向，带阳台，自住投，,钱塘ONE,,,,,,,,130,"32,837"
品质小区 钱塘江边 绿城物业 诚心出售,钱塘ONE,,,,,,,,120,"28,626"
房子是次新房，没有 住过，客厅带阳台，精装loft两房,奥莱金街,,,,,,,,110,"26,758"
杭州市西湖区之江板块  钱塘ONE,钱塘ONE,,,,,,,,120,"28,626"
距地铁口两百米左右带阳台自带奥特莱斯商场和物美,奥莱金街,,,,,,,,130,"33,601"
奥莱金街，次新房，客厅带阳台，精装4.79loft两房,奥莱金街,,,,,,,,156,"38,481"
距地铁 两百米左右 大阳台 自带奥特莱斯商场和物美,奥莱金街,,,,,,,,130,"30,003"
钱塘one 临江酒店式公寓 开发商精装loft，中yang空调,钱塘ONE,,,,,,,,140,"33,397"
跃层户型 动静分离 环境优美 适宜居住,融创瑷骊山,,,,,,,,330,"37,348"
钱塘ONE 2室1厅 南,钱塘ONE,,,,,,,,200,"36,076"
钱塘江景房 4.79米挑高  精装2房 拎包入住,钱塘ONE,,,,,,,,110,"34,440"
绿城精装大三房，直接拎包入住，小区中间，视野无遮挡,绿城之江1号,,,,,,,,568,"51,292"
进口家具家电 全屋设计师设计装修 开放式厨房,绿城之江1号,,,,,,,,380,"48,768"
中间楼层带电梯 户型方正 看房方便 交通方便 近综合体,云溪香山,,,,,,,,310,"31,633"
采光充足 视野宽阔 精装修 诚心出售,钱塘ONE,,,,,,,,123,"29,419"
精装修loft 客厅挑高 整面落地窗,万美摩登中心,,,,,,,,98,"21,314"
杭州市西湖区之江板块 钱塘ONE,钱塘ONE,,,,,,,,79,"23,954"
西湖区 江景小区 一站滨江 绿城物业,钱塘ONE,,,,,,,,125,"29,819"
地铁口不限低总价项目，户型方正的，看房方便的。,钱江之江新天地,,,,,,,,135,"21,449"
此房朝南采光好，精装拎包入住，诚心出售,星云,,,,,,,,115,"23,845"
钱塘湾精装一室  业主诚心出售,钱塘ONE,,,,,,,,95,"44,622"
杭州市西湖区云栖小镇  星云公馆,星云,,,,,,,,135,"28,131"
钱塘湾精装一室  业主诚心出售,钱塘ONE,,,,,,,,95,"44,622"
公寓，楼层优，采光好，可看到钱塘..,钱塘ONE,,,,,,,,75,"22,742"
地铁口200米  精装loft公寓  高楼层 诚心出售,星云,,,,,,,,88,"25,252"
此房户型方正 采光充足 视野开阔 不沿马路 居住安静,钱江之江新天地,,,,,,,,80,"17,062"
钱塘one南向低价平层一线江景户型,钱塘ONE,,,,,,,,80,"24,258"
采光充足 视野宽阔 精装修 诚心出售,钱塘ONE,,,,,,,,78,"25,317"
"小区中间位置，纯正东边套，户型带大露台，,视野宽阔",朗郡庭园,,,,,,,,930,"34,165"
朝南高楼层，视野宽阔，采光好，配套齐全,朗郡庭园,,,,,,,,880,"35,517"
瑷骊山 中间楼层 东边套  毛坯房装修方便,融创瑷骊山,,,,,,,,680,"31,498"
绿城之江1号 大四房诚售 多房朝南 中楼层 可自装,绿城之江1号,,,,,,,,860,"45,980"
中海品质小区 楼层好 视野宽阔 阳光充足 适宜居住,中海定山府,,,,,,,,305,"35,732"
人车分流，小区配套设施齐全，环境优美,中海定山府,,,,,,,,950,"29,082"
楼层好单价低小区环境优美配套设施齐全上下层空中跃墅,中海定山府,,,,,,,,850,"25,834"
瑷骊山顶跃  视野好 诚心出售,融创瑷骊山,,,,,,,,918,"34,963"
精装修中yang空调，loft大空间有阳台，急卖出售,钱塘ONE,,,,,,,,73,"34,289"
江景房 采光充足 视野宽阔 精装修 诚心出售,钱塘ONE,,,,,,,,75,"22,742"
星云loft，大落地窗，精装自住，地铁400米，价格可谈,星云,,,,,,,,115,"23,964"
钱塘ONE 1室1厅 西,钱塘ONE,,,,,,,,80,"30,547"
瑷骊山一楼带花园   纯毛坯  看房方便,融创瑷骊山,,,,,,,,800,"42,257"
篁外山庄  精装四房  诚心出售,中海定山府,,,,,,,,580,"35,704"
云都汇中心 3室2厅 南,云都汇中心,,,,,,,,400,"44,758"
房东诚心出售 2房全明户型  看房方便 随便约,中天之江诚品,,,,,,,,300,"39,088"
禹洲滨之澜苑 4室2厅 南 北,禹洲滨之澜苑,,,,,,,,610,"50,318"
篁外精装修  三开间朝南带阳 中间楼层视野好 拎包入住,中海定山府,,,,,,,,550,"33,853"
满五年免综合税 四房朝南厅朝北 南北通,朗郡庭园,,,,,,,,910,"35,760"
地铁联排别墅自带车库，房东自述产证满五，整体采光好,中海定山府,5室3厅,312.97平米,南 北,简装,3层,板楼,联排别墅,1400,"44,733"
中间楼层，采光充足，东边套，上下跃层,中海定山府,,,,,,,,910,"27,658"
瑷骊山精装2房 朝南复式拎包入住，动静分离,融创瑷骊山,,,,,,,,310,"39,256"
小区环境优美，紧靠西湖高尔夫，处于别墅区,樱花小筑,4室2厅,177.23平米,南,简装,4层,板楼,独栋别墅,670,"37,804"
美上小公寓，中间楼层，采光充足，美院浙音旁，配套齐,马也美上,,,,,,,,75,"15,235"
之江1号西区 开发商精装修 满五 视野好,绿城之江1号,,,,,,,,1715,"47,220"
绿城物业#看房方便#精装修#房东诚心出售,绿城之江1号,,,,,,,,850,"45,665"
瑷骊山环境优雅，精装自住，直接入住,融创瑷骊山,,,,,,,,280,"31,129"
1楼带等面积地下室，实用面积250方，上下都是自住装修,中海定山府,,,,,,,,480,"35,235"
地铁口 精装公寓 边套  拎包入住,星云,,,,,,,,120,"31,679"
房子格局清爽，户型方正透气，小区间距大，适宜居住。,绿城之江1号,,,,,,,,410,"45,805"
业主换房诚心出售，包含精装家具,梧桐燕庐,,,,,,,,330,"37,505"
户型方正，阳光充足，大平层，学军就在小区南面,朗郡庭园,,,,,,,,890,"32,002"
毛坯简装可拆除地铁洋房区环境优美朝南东边户型无遮挡,融创瑷骊山,,,,,,,,800,"37,014"
业主自住精装修，诚心出售，看房方便,云溪香山,,,,,,,,480,"35,227"
绿城新出大四房户型 品质小区 品质物业 诚心出售,绿城之江1号,,,,,,,,700,"37,426"
视野宽阔，配套齐全，牵手学军，满五唯一,朗郡庭园,,,,,,,,400,"44,965"
钱江之江新天地 1室1厅 南,钱江之江新天地,,,,,,,,55,"15,994"
绿城精装大四房，直接拎包入住，小区中间，视野无,绿城之江1号,,,,,,,,1030,"55,069"
滨之江高楼层 三房两卫 精装修 视野好可看江,禹洲滨之澜苑,,,,,,,,395,"44,263"
3房3卫好户型，视野开阔采光好，看房方便,中海定山府,,,,,,,,560,"34,072"
高楼层江景房，全屋精装，品牌家具家电，看房方便,禹洲滨之澜苑,,,,,,,,550,"47,365"
封闭式小区 绿城物业 特殊户型 使用面积大,钱塘ONE,,,,,,,,170,"37,578"
奥莱金街，近地铁，精装带阳台loft，,奥莱金街,,,,,,,,85,"30,809"
次新房，开发商精装LOFT，客厅带阳台,奥莱金街,,,,,,,,153,"35,950"
杭州市西湖区云栖小镇 星云公馆,星云,,,,,,,,82,"23,530"
之江诚品196方跃层带大露台全明户型四房三卫诚心卖,中天之江诚品,,,,,,,,920,"46,808"
全明户型 采光好 视野开阔 看房方便，优质小区,云溪香山,,,,,,,,520,"31,335"
开发商精装，近地铁口，全明户型，采光好，楼层居中,钱江彩虹府,,,,,,,,380,"45,142"
金街美地 2室1厅 南,金街美地,,,,,,,,140,"19,562"
近地铁 精装修 环境好 诚心出售,天阳云筑,,,,,,,,320,"37,257"
户型房源少，四房两卫，大阳台，一线江景,钱塘ONE,,,,,,,,271.1,"30,003"
房子满五年，自住精装修拎包入住，绿城物业管理好,梧桐燕庐,,,,,,,,320,"36,368"
自住精装修，适合拎包入住，环境优雅,融创瑷骊山,,,,,,,,360,"40,233"
星云公寓 LOFT精装 地铁方便 诚心卖 ，地铁口房子,星云,,,,,,,,130,"27,089"
之浦路站 精装修 诚心出售 可谈,禹洲滨之澜苑,,,,,,,,625,"50,465"
洋房楼层好，房东诚心出售，视野开阔无遮挡，阳光充足,禹洲滨之澜苑,,,,,,,,700,"57,761"
西湖区三江汇双浦新区 全屋中 央空调地暖,钱江彩虹府,,,,,,,,386,"45,855"
钱塘ONE 3室2厅 南,钱塘ONE,,,,,,,,300,"30,362"
祥生云浦新语 次新小区 户型三开间朝南,祥生云浦新语,,,,,,,,480,"54,128"
金街美地 3室1厅 南,金街美地,,,,,,,,150,"19,608"
精装修#看房方便#三房两卫#小区环境好,禹洲滨之澜苑,,,,,,,,400,"45,193"
禹洲滨之江，洋房精装四室两厅两卫，之江大桥旁,禹洲滨之澜苑,,,,,,,,610,"48,653"
滨之江精装三房 楼层位置好 同户型价格实惠,禹洲滨之澜苑,,,,,,,,426,"47,588"
滨之澜苑精装洋房，开发商精装修，拎包入住，诚售,禹洲滨之澜苑,,,,,,,,720,"59,392"
业主急售 急售 少有奇数层户型视野开阔 从未入住过,禹洲滨之澜苑,,,,,,,,395,"44,623"
近美院，马也美上，朝南精装公寓，诚心出售，随时看房,马也美上,,,,,,,,95,"19,298"
钱塘one55方高楼层东边套一线江景带景观大阳台,钱塘ONE,,,,,,,,129,"23,421"
江景房   采光充足 视野宽阔 精装修 诚心出售,钱塘ONE,,,,,,,,68,"20,619"
地铁站口旁，3房全明，家具家电齐全，诚售，看房方便,钱江之江新天地,,,,,,,,140,"21,322"
蚂蚁金服旁，精装公寓，总价低。,禹洲滨之澜苑,,,,,,,,235,"29,887"
西湖区次新房 带阳台LOFT精装公寓,奥莱金街,,,,,,,,120,"27,695"
转塘地铁口，精装次新房，层高4米79，带阳台！,奥莱金街,,,,,,,,118,"30,249"
东边套户型，LOFT精装修，地铁方便 诚心卖,星云,,,,,,,,169,"26,946"
奥莱金街，朝南，loft层高4米79，近地铁,奥莱金街,,,,,,,,125,"30,304"
精装修带地暖，全明四叶草户型，带软装出售，看房方便,钱江彩虹府,,,,,,,,420,"50,084"
三立钱塘ONE 大4房2卫  精装LOFT 一线江景,钱塘ONE,,,,,,,,265,"31,650"
改善大户型 简装可塑性强 业主诚心出售,中海定山府,,,,,,,,520,"31,997"
钱江彩虹府 得房高 品质好 中上楼层 从未入住四室2卫,钱江彩虹府,,,,,,,,520,"52,739"
业主急售，急售 急售，价格可谈 楼层好视野开阔无遮挡,绿城之江1号,,,,,,,,680,"49,251"
看房方便 # 精装修#四房户型#精装修#,禹洲滨之澜苑,,,,,,,,550,"44,039"
奥莱金街，朝东loft，层高4米79，近地铁，配套齐全！,奥莱金街,,,,,,,,130,"30,003"
钱塘one 临江酒店式公寓 开发商精装loft，中yang空调,钱塘ONE,,,,,,,,105,"32,875"
转塘地铁口200米，层高4米79，带阳台，开发商精装修！,奥莱金街,,,,,,,,130,"30,546"
楼层好，视野宽阔，交通便利，精装修，诚心出售,星云,,,,,,,,90,"25,907"
采光充足 视野宽阔 精装修 诚心出售,钱塘ONE,,,,,,,,115,"33,363"
业主诚心出售看房随时 两房两厅 北望钱塘江和之江大桥,钱塘ONE,,,,,,,,105,"32,999"
房子满五不唯一，此幢不沿马路，全小区唯一带后花园的,赞成岭上花苑,,,,,,,,300,"26,099"
房东诚心出售  户型方正  采光好,钱塘ONE,,,,,,,,180,"42,185"
钱塘江景房 4.79米挑高 精装2房,钱塘ONE,,,,,,,,116,"31,242"
业主诚心卖，中上楼层视野好，边套户型宜居好房子,祥生云浦新语,,,,,,,,410,"45,990"
房子中间楼层 精装修 阳台已包好 可拎包入住 诚心出售,祥生云浦新语,,,,,,,,505,"43,133"
彩虹府精装3房2厅2卫  户型通透 采光还 房东诚心出售,钱江彩虹府,,,,,,,,370,"43,954"
滨之江洋房 1层带花园带地下室 户型溪缺 看房方便,禹洲滨之澜苑,,,,,,,,850,"61,130"
篁外精装大三房，拎包入住，精装修,中海定山府,,,,,,,,382,"34,823"
三房两卫  方正户型   精装修中，央空调,禹洲滨之澜苑,,,,,,,,390,"43,566"
彩虹府精装带地暖 三开间朝南 全明户型 三房两卫,钱江彩虹府,,,,,,,,375,"44,777"
出租装修，中间楼层，无遮挡视野好，诚心出售,佳兆业玖珑山,,,,,,,,405,"31,279"
精装修东边套，三房朝南一房朝北，三阳台，居住适宜,禹洲滨之澜苑,,,,,,,,570,"41,817"
云浦新语精装带地暖带地下室，格局方正，地铁近,祥生云浦新语,,,,,,,,420,"47,501"
中空 地暖 得房率高 精装修 业主诚售！,朗郡庭园,,,,,,,,350,"40,393"
精装修#看房方便#三房两卫#小区环境好,禹洲滨之澜苑,,,,,,,,400,"44,954"
楼层好 房子里面就能看到江 大阳台 改善型户型,禹洲滨之澜苑,,,,,,,,580,"49,979"
禹洲滨之江  精装洋房  房东诚售,禹洲滨之澜苑,,,,,,,,650,"49,028"
开发商精装，楼层好。洋房好视野，居住舒适,融创瑷骊山,,,,,,,,730,"40,567"
滨之江高层 视野好 价格低 业主诚心出售,禹洲滨之澜苑,,,,,,,,530,"45,860"
次顶楼 满五电梯房 北区 金街美地200米,云溪香山,,,,,,,,460,"33,004"
采光充足 视野宽阔 精装修 诚心出售,钱塘ONE,,,,,,,,325,"32,929"
滨之江奇数层 客厅带阳台 三房两卫，诚心出售,禹洲滨之澜苑,,,,,,,,408,"45,577"
精装  四房两卫  *大空间  舒适体验,祥生云浦新语,,,,,,,,510,"43,394"
西湖区 滨之江  4房边套户型  采光好   房东诚售,禹洲滨之澜苑,,,,,,,,490,"42,410"
祥生云浦新语 次新小区 户型三开间朝南,祥生云浦新语,,,,,,,,480,"54,128"
精装修#看房方便#三房两卫#小区环境好,禹洲滨之澜苑,,,,,,,,400,"45,193"
西湖区三江汇双浦新区 全屋中 央空调地暖,钱江彩虹府,,,,,,,,386,"45,855"
一线江景满5得房率*高三房两卫好楼层,保利东湾,,,,,,,,263,"28,081"
玫瑰湾经典户型，百万精装修，一线江景大平层,保利玫瑰湾,,,,,,,,530,"38,431"
房子是经典的跃层loft户型视野好精装修 业主诚心出售,保利湾天地二期,,,,,,,,115,"12,200"
保利湾天地二期 2室1厅 东南,保利湾天地二期,,,,,,,,116,"12,296"
央企开发，中高楼层，采光视野都很好的，简约时尚风格,保利东湾,,,,,,,,175,"30,064"
高层好房，户型方正，业主诚心出售,世茂江滨花园碧景湾,,,,,,,,253,"29,560"
房东精装40万，保养很好，前后通透 房东诚心卖。,观澜时代云邸苑,,,,,,,,245,"28,746"
落霞与孤鹜齐飞，秋水共长天一色,保利湾天地,,,,,,,,120,"20,196"
此房满五，精装修可拎包入住，高楼层视野好,世茂江滨花园瑞景湾,,,,,,,,260,"29,715"
房子是经典的跃层loft户型，视野好，装修温馨,保利湾天地二期,,,,,,,,135,"14,321"
中间楼层，全明户型，朝南，视野采光好,世茂江滨商业中心,,,,,,,,103,"15,239"
空港公寓，精装修，朝南 江景视野很好,金隅空港公馆,,,,,,,,81,"13,061"
此房满五唯一，采光好 ，精装修，江边漫步,保利东湾,,,,,,,,277,"30,420"
满五唯一，朝南两开间，三房，业主诚心出售,观澜时代云邸苑,,,,,,,,255,"29,728"
金隅空港精装平层朝南公寓，中间楼层，业主诚心出售,金隅空港公馆,,,,,,,,115,"20,602"
保利央企品质，跃层4房，业主诚心出售,保利东湾,,,,,,,,358,"31,738"
保利东湾 3室2厅 南 北,保利东湾,,,,,,,,300,"25,130"
品质开发商，次新房三房，绿城物业，小区环境优美,九龙仓君廷,,,,,,,,180,"20,643"
户型南北通，无遮挡，采光好 楼盘位置好,野风启城,,,,,,,,310,"14,365"
原舍花苑东边套排屋 带地下车库 带花园 带大露台,原舍花苑,,,,,,,,660,"26,499"
总高6层洋房顶跃，单价低，户型好，含一个车位。,野风启城,,,,,,,,380,"16,261"
联排精装修五室有车库花yuan拎包入住,原舍花苑,,,,,,,,680,"25,485"
毛坯不满两年，房东诚心出售，方便看房,九龙仓君廷,4室2厅,233.14平米,南,毛坯,上叠(共4层),板楼,叠拼别墅,530,"22,734"
满两年，两房，中间楼层，总价低,皮匠弄,,,,,,,,89,"14,908"
中装 三房两户卫 中间楼层 拎包入住,西小河小区,,,,,,,,212,"16,559"
望府品质小区  三房户型 自住精装修 有车位,贝利栖溪望府,,,,,,,,295,"21,283"
品质小区 环境好 位置佳 楼层采光充足,贝利栖溪公馆,,,,,,,,198,"22,819"
塘南茗苑 两室 诚心出售 看房方便,塘南茗苑,,,,,,,,140,"17,147"
层高5.8米自住精装修通燃气民用电,美致生活广场,,,,,,,,148,"19,912"
房洞诚心出售 基本直接入住的 户型好 采光好,康庭和苑,,,,,,,,179,"14,638"
层高4.98米，朝西采光充足，商水民用电，通燃气。,美致生活广场,,,,,,,,115,"21,222"
满五年，三开间朝南，全明户型，南北双阳台，边套！,水岸锦城,,,,,,,,241,"17,356"
南北通透 中间楼层 视野开阔 采光佳 边套带大阳台,栖水珑庭,,,,,,,,283,"20,979"
三开间朝南 中间楼层 西边套 精装修带品牌家具家电,雍澜府,,,,,,,,255,"26,683"
贝利栖溪公馆 品质小区 精装修  可拎包入住,贝利栖溪公馆,,,,,,,,276,"20,231"
水岸锦城 电梯房  次新小区 三房户型 采光足,水岸锦城,,,,,,,,166,"18,494"
满五年 东边套 全明三房 视野宽阔 沿河景观房,乐苑小区,,,,,,,,135,"15,834"
塘栖一小区，两房朝南 户型方正 楼层好,塘栖一小区,,,,,,,,123,"17,455"
塘栖南苑小区 精装修 可拎包入住 两室一厅一厨一卫,塘栖一小区,,,,,,,,96,"16,089"
此房朝南，中间楼层，采光充足，交通便利！可办公,龙栖湾大厦,,,,,,,,66,"17,108"
精装修。看房方便，价格可商量，诚心出售！,欣北钱江国际广场,,,,,,,,58,"12,034"
水乡华庭 楼层好 位置佳 户型方正,水乡华庭,,,,,,,,182,"20,661"
房东诚心出售，还在装修中，全新没住过，干净清爽,群升星河印象中心,,,,,,,,50,"14,633"
塘栖热门小区 自住精装两房 中间楼层,塘栖一小区,,,,,,,,156,"23,854"
古镇边上 医院边上 中间楼层 小面积低总价 满五年,广济公寓,,,,,,,,68,"15,015"
塘栖一小区 中间楼层 两房朝南 采光足,塘栖一小区,,,,,,,,129,"20,367"
群升星河印象中心 1室1厅 北,群升星河印象中心,,,,,,,,45,"14,886"
满5年南北通透全明 三房户型 采光充足 配套齐全,水岸锦城,,,,,,,,170,"16,812"
塘栖嘉园  楼层好 小区安静 适合养老 物业费低,塘栖嘉园,,,,,,,,210,"11,918"
塘栖古镇旅游景区旁，环境优美采光好,水岸锦城,,,,,,,,207,"16,092"
双阳台 洋房 全新 精装修 三房两卫 随时可看 看房方便,随塘,,,,,,,,253,"23,991"
联排西边套 花园大 绿城物业服务 楼幢位置好,九龙仓君廷,5室2厅,141.77平米,南 北,毛坯,下叠(共3层),板塔结合,叠拼别墅,510,"35,974"
次新房，精装修，看房随时，绿城物业，户型方正,九龙仓君廷,,,,,,,,185,"21,216"
锦绣名邸 三房户型 中上楼层 视野开阔 总价低,锦绣名邸,,,,,,,,162,"16,874"
塘栖品质洋房 视野好 三室两厅两卫户型,随塘,,,,,,,,297,"28,575"
九龙仓 联排 地上三层 地下两层 带花园 有车位,九龙仓君廷,5室2厅,141.61平米,南,毛坯,下叠(共3层),板楼,叠拼别墅,510,"36,015"
低总价两房 楼层好 位置不错 房东诚心出售,广济西路,,,,,,,,78,"16,050"
房龄较新2009年建成框架结构！使用面积大顶楼带阁楼,塘栖一小区,,,,,,,,158,"17,576"
5.8米层高，家具家电齐全 自住精装 房东诚心出售,美致生活广场,,,,,,,,105,"19,377"
5.8米层高 自住精装修民用电 天然气 实用面积200平,美致生活广场,,,,,,,,130,"16,644"
单价低 总价低 楼层好 两房一卫,乐苑小区,,,,,,,,120,"18,299"
下叠排，此价格含双车位！！业主诚心出售,野风启城,,,,,,,,460,"27,303"
环境优美，洋房上下三层，天然的氧吧，房东诚心出售,野风启城,,,,,,,,345,"17,006"
此房满2年格局好 楼层位置好 有15平储藏室,塘栖一小区,,,,,,,,195,"17,177"
开间大 采光好 大三房  全明户型 房东诚心出售,野风启城,,,,,,,,200,"18,886"
栖水珑庭 3室2厅 南,栖水珑庭,,,,,,,,235,"19,159"
边套  大四房   采光无忧   出行方便,康庭和苑,,,,,,,,255,"15,639"
新苑小区塘栖古镇旁边，刚需大三房，中间楼层满五,新苑小区,,,,,,,,168,"20,022"
毛坯89方三房，总价低，首付低，刚需入选好房子,野风启城,,,,,,,,160,"17,808"
三开间朝南 满五年税少 配套设施齐全 交通便利！,锦绣名邸,,,,,,,,161,"18,040"
君廷雅园 电梯房 精装  三房户型,九龙仓君廷,,,,,,,,215,"25,232"
三房两卫 全明户型 房东诚心出售,水岸锦城,,,,,,,,170,"15,328"
"单价低，户型方正，边套户型,房东诚心出售 装修中装",康庭和苑,,,,,,,,250,"15,843"
5.8米层高 得房高 格局好 采光充足 民水民电天然气,美致生活广场,,,,,,,,145,"19,508"
：得房高 格局好 采光充足 商水 带天然气,美致生活广场,,,,,,,,118,"19,763"
美致生活广场温馨2居室，2房2卫，拎包入住,美致生活广场,,,,,,,,69,"21,523"
楼层好 采光好 视野开阔 配套设施齐全,远顺大厦,,,,,,,,40,"8,427"
锦绣名邸 两室一厅 中间楼层 全明户型 精装修房东诚售,锦绣名邸,,,,,,,,135,"21,301"
"精装修,看房方便，价格可商量，诚心出售！",欣北钱江国际广场,,,,,,,,70,"12,677"
野风边套大四房 看房方便 采光没影响，通风好,野风启城,,,,,,,,268,"19,543"
东石塘 2室1厅 南,东石塘,,,,,,,,123,"17,037"
楼层好，得房率高 有露台 户型 适合一大家人居住,塘栖嘉园,,,,,,,,235,"13,183"
原舍 塘栖好别墅 毛坯 得房率高 装出自己的个性,原舍花苑,,,,,,,,590,"23,805"
下叠排屋有花园，带地下室，诚心出售，可小刀,九龙仓君廷,5室2厅,233.69平米,东南,毛坯,上叠(共4层),板楼,叠拼别墅,499,"21,354"
纯毛坯，楼层好，阳台方向是别墅区，无遮挡，采光充足,九龙仓君廷,,,,,,,,170,"19,530"
万盛商贸城跃层式公寓，上下两层,万盛商贸城公寓,,,,,,,,48,"12,397"
精装次新房 三房两卫 带花园 采光好,雍澜府,,,,,,,,307,"23,880"
俩房朝南采光好 交通方便。适合居住,塘栖一小区,,,,,,,,148,"16,288"
新小区 毛坯房排屋 西边套 房东诚心出售 看房有钥匙,九龙仓君廷,5室2厅,141.77平米,南,毛坯,下叠(共3层),板楼,叠拼别墅,555,"39,148"
房东诚心出售       有一个储藏室,水岸锦城,,,,,,,,190,"15,708"
得房高 格局好 采光充足 民水民电 带天然气,美致生活广场,,,,,,,,120,"22,477"
满5年，精装修，采光佳！加带有窗户的独立车库！,塘栖嘉园,,,,,,,,233,"16,705"
得房高 格局好 采光充足 民水民电 带天然气,美致生活广场,,,,,,,,75,"23,256"
精装修次新房 楼层视野好，三开间朝南采光无遮挡,九龙仓君廷,,,,,,,,210,"24,125"
金石华城 品质小区 环境优美  三房户型 采光好,金石华城,,,,,,,,304,"21,903"
顶楼跃层 近古镇 交通也比较方便 生活配套比较齐全,仓桥路,,,,,,,,160,"18,316"
层高5.8米精装l 无需社保，诚心出售看房随时,美致生活广场,,,,,,,,75,"23,256"
龙栖湾大夏 精装修 可拎包入住 采光足 楼层佳,龙栖湾大厦,,,,,,,,78,"19,747"
50年产权的 ，精装修，直接拎包入住。,万盛商贸城公寓,,,,,,,,55,"13,706"
距离古镇一百米，房东诚心出售。,运动新村,,,,,,,,80,"19,296"
贝利栖溪公馆，品质小区，精装修，可拎包入住,贝利栖溪公馆,,,,,,,,340,"24,922"
满五年，三开间朝南，户型方正，楼层好视野开阔，,锦绣名邸,,,,,,,,165,"18,800"
电梯房 中间楼层 三房户型中间楼层视野开阔采光好,锦绣名邸,,,,,,,,200,"17,692"
精装修   拎包入住  中间楼层  .....,塘南茗苑,,,,,,,,115,"21,480"
塘南茗苑 装修很清爽 南北通户型 采光好,塘南茗苑,,,,,,,,142,"17,392"
全新未入住，精装、户型好、看房方便,群升星河印象中心,,,,,,,,38,"12,571"
空着别墅，带双露台。上下2层一样层高,水乡名苑,,,,,,,,400,"16,262"
精装修，中间楼层，纯边套，四房，三开间朝南,九龙仓君廷,,,,,,,,288,"21,987"
两室中间楼层，采光好，很通风，房子户型方正,皮匠弄,,,,,,,,120,"15,790"
水乡华庭 两室精装修 房东诚心卖，看房方便采光好,水乡华庭,,,,,,,,175,"18,895"
塘栖嘉园 现浇住宅小面积 一室一厅看房方便,塘栖嘉园,,,,,,,,81,"16,541"
金石华城精装好房，满五三室，诚心出售,金石华城,,,,,,,,200,"22,235"
3房2厅2卫 ，有大露台， 可自行利用，南北朝向。,康庭和苑,,,,,,,,190,"15,048"
楼层好，视野开阔，带阁楼的看房方便，业主诚心出售的,东石塘,,,,,,,,110,"16,005"
三房户型  结构户型好  楼层佳,新苑小区,,,,,,,,150,"17,807"
精装修，采光好，领包入住，房东诚心卖的，看房方便,塘栖栖里东苑,,,,,,,,144,"17,967"
低总价 满五年 临运河 近古镇,皮匠弄,,,,,,,,130,"15,707"
塘栖古镇旁景区房  凤凰层  得房率高,东石塘,,,,,,,,156,"15,619"
精装修小两房，中间楼层，拎包可以入住，无增值税,野风启城,,,,,,,,165,"22,184"
电梯房满五年 精装修 格局方正  有车位,景丽华庭,,,,,,,,162,"17,238"
金石华城 4室2厅 南,金石华城,,,,,,,,253,"28,508"
康庭和苑 1室1厅 南,康庭和苑,,,,,,,,95,"18,017"
大两房，空间大  采光通透，间距大,水乡华庭,,,,,,,,169,"20,034"
塘栖古镇 位置好 交通便利 采光足 户型正 得房率高,阳光100嘉园,,,,,,,,168,"18,222"
东边套 花园洋房 新小区 环境好 品质高 精装三房,随塘,,,,,,,,268,"25,464"
全新交付小区，人车分流，带花园可种花花草草,随塘,,,,,,,,580,"46,453"
塘栖合院 位置好  交通便利 采光足 户型正气 环境优美,随塘,,,,,,,,590,"38,050"
新小区 毛坯房 可扩展面积大 房东诚心出售 看房有钥匙,九龙仓君廷,4室2厅,141.67平米,南,毛坯,下叠(共3层),板塔结合,叠拼别墅,560,"39,529"
塘栖嘉园 楼层好 小区安静 适合居住 物业低,塘栖嘉园,,,,,,,,228,"15,906"
九龙仓君廷 南北花园 可扩展面积大 随时看房 有钥匙,九龙仓君廷,5室2厅,157.71平米,南,毛坯,3层,板楼,联排别墅,585,"37,094"
全新小区，南入户联排，大花园，地下室两层。,九龙仓君廷,4室2厅,141.56平米,南,毛坯,下叠(共3层),板楼,叠拼别墅,530,"37,440"
新小区 纯毛坯 联排别墅 带院子,九龙仓君廷,5室3厅,157.95平米,南,毛坯,3层,板楼,联排别墅,530,"33,555"
西边套三开间朝南装修保养好双阳台,东小河公寓,,,,,,,,235,"15,846"
"新小区,毛坯房 ,联排中间套，房东诚心出售",九龙仓君廷,5室2厅,157.65平米,南,毛坯,3层,板楼,联排别墅,580,"36,791"
新小区 毛坯房 东边套 房东诚心出售 看房有钥匙,九龙仓君廷,5室2厅,141.77平米,东南,毛坯,下叠(共3层),板楼,叠拼别墅,540,"38,090"
九龙仓二期次新房，边套大四房，阳光不挡，看房方便,九龙仓君廷,,,,,,,,255,"19,509"
全明大四房，二期次新房，楼层高视野佳，诚心出售,九龙仓君廷,,,,,,,,238,"18,170"
河边景观好 精装修 拎包入住 诚心卖,塘栖一小区,,,,,,,,120,"17,337"
楼幢好，低楼层，阳台方向是别墅区，无遮挡，采光充足,九龙仓君廷,,,,,,,,175,"20,148"
房子满5年 装修很清爽 南北通户型 采光好,塘南茗苑,,,,,,,,145,"17,825"
视野宽阔，采光好，配套设施齐全，交通方便！,东小河公寓,,,,,,,,150,"16,326"
层高4.98米，诚心出售.，楼层好 诚心卖 燃气做饭燃,美致生活广场,,,,,,,,68,"21,086"
满五年 电梯房 小区中间位置 中高楼层 视野开阔,金石华城,,,,,,,,198,"22,310"
美致好房，低总价，好采光，干净清爽,美致生活广场,,,,,,,,64,"19,845"
此房总价低 楼层好 采光充足  房东诚心出售,天府家园,,,,,,,,85,"17,038"
自住精装修拎包入住 中间楼层 看房随时 满五年,贝利栖溪望府,,,,,,,,190,"21,525"
康庭和苑 满五年 两室 楼层好 房东诚心卖,康庭和苑,,,,,,,,138,"17,311"
塘栖小区一楼带院子，外立面已改造 诚心出售的,塘栖一小区,,,,,,,,130,"20,616"
低总价，户型方正，房东诚心出售，满五不唯一。,康庭和苑,,,,,,,,140,"16,063"
栖里东苑小户型 精装修 诚心出售，采光无忧,塘栖栖里东苑,,,,,,,,88,"17,351"
中间楼层视野好 边套户型 满五年税费少 看房方便,塘栖一小区,,,,,,,,116,"16,450"
此房满五年 楼层好 采光充足 装修清爽  房东诚心出售,天府家园,,,,,,,,90,"18,040"
50年产权的 ，精装修，直接拎包入住。,万盛商贸城公寓,,,,,,,,51,"13,172"
*山奥特莱斯旁，三房户型，房东诚心出售,九龙仓君廷,,,,,,,,180,"20,688"
诚心出售温馨三房，二期次新房，绿城物业，看房方便,九龙仓君廷,,,,,,,,162,"18,578"
电梯房中间楼层 三开间朝南大客厅大阳台 看房有钥,贝利栖溪望府,,,,,,,,165,"18,693"
中高楼层，看房方便，房东诚售。,九龙仓君廷,,,,,,,,178,"20,449"
阳台方向是别墅区，楼层好，无遮挡，采光充足,九龙仓君廷,,,,,,,,187,"21,529"
装修好  楼层佳  拎包入住  朝南采光好,万盛商贸城公寓,,,,,,,,54,"13,947"
两房 客厅带阳台 南北通透 一梯两户,塘栖一小区,,,,,,,,135,"18,405"
二期次新房，阳光不遮挡，南面排屋，看房方便,九龙仓君廷,,,,,,,,170,"19,538"
次新房，标准三房中楼层，前面排屋无遮挡，绿城管理好,九龙仓君廷,,,,,,,,168,"19,309"
古镇旁 户型方正，采光充足，配套齐全，出行便利.,水乡人家,,,,,,,,150,"14,876"
品质开发商，东边套联排，地下2层，地上3层再加阁楼,九龙仓君廷,5室2厅,141.77平米,南,毛坯,下叠(共3层),板塔结合,叠拼别墅,600,"42,323"
君廷2期次新房，中间楼层，绿城物业，看房方便,九龙仓君廷,,,,,,,,175,"20,104"
东小河  小面积总价低  好户型  简单装修,东小河公寓,,,,,,,,132,"16,319"
满5年  位置好   闹中取静  户型正气,广宇公寓,,,,,,,,128,"17,147"
贝利栖溪望府 3室2厅 南,贝利栖溪望府,,,,,,,,360,"25,952"
刚需房 停车方便 交通方便 配套齐全,东小河公寓,,,,,,,,86,"17,609"
此房满五唯一，精装修，拎包入住，电梯房。,景丽华庭,,,,,,,,200,"15,747"
雍澜府 次新洋房 精装修 拎包入住 户型正气 环境好,雍澜府,,,,,,,,248,"25,708"
两房朝南户型................................,塘栖一小区,,,,,,,,118,"18,713"
边套三房   小区南北采光充足，交通便利，视线开阔,塘栖一小区,,,,,,,,135,"16,539"
塘栖热门小区出售。房东诚心出售！三房格局,塘栖一小区,,,,,,,,138,"17,625"
地段好      三房  交通便利  出门都很方便,塘栖一小区,,,,,,,,165,"16,391"
两房 全明户型 中间楼层 采光好,塘栖一小区,,,,,,,,116,"18,578"
东小河公寓 户型好 楼层好，采光好,东小河公寓,,,,,,,,195,"17,030"
金石华城精装好房，满五三室，诚心出售,金石华城,,,,,,,,200,"22,235"
楼层好，视野开阔，带阁楼的看房方便，业主诚心出售的,东石塘,,,,,,,,110,"16,005"
3房2厅2卫 ，有大露台， 可自行利用，南北朝向。,康庭和苑,,,,,,,,190,"15,048"
三房户型  结构户型好  楼层佳,新苑小区,,,,,,,,150,"17,807"
低总价 满五年 临运河 近古镇,皮匠弄,,,,,,,,130,"15,707"
精装修，采光好，领包入住，房东诚心卖的，看房方便,塘栖栖里东苑,,,,,,,,144,"17,967"
康庭和苑 三室出售 满五年 房东诚心卖！,康庭和苑,,,,,,,,158,"14,163"
绿城物业，次新校区，精装修，楼层佳，税费少,九龙仓君廷,,,,,,,,200,"23,472"
满五年税费少，楼层中等采光好，楼幢位置佳,塘栖一小区,,,,,,,,135,"17,089"
塘栖一小区 得房率高 户型正 位置好 交通便利 采光好,塘栖一小区,,,,,,,,144,"17,933"
二期次新房，阳台方向是别墅区，无遮挡，采光充足,九龙仓君廷,,,,,,,,170,"19,496"
次新小区大三房，满五年，中层，装修清爽，看房有钥匙,锦绣名邸,,,,,,,,195,"17,822"
南北通透 边套全明户型 满五年 采光充足 配套设施齐全,塘栖一小区,,,,,,,,242,"17,990"
品质开发商，联排别墅毛坯，户型方正，带院子,九龙仓君廷,5室3厅,157.95平米,南,毛坯,3层,板楼,联排别墅,580,"36,721"
九龙仓君廷 绿城物业 得房率高 位置好 环境优美采光好,九龙仓君廷,,,,,,,,220,"16,832"
锦绣名邸电梯房 诚心卖 看房有钥匙,锦绣名邸,,,,,,,,165,"17,097"
房东诚心卖，楼层也不错，小区绿化也挺好的,金石华城,,,,,,,,185,"20,556"
简装大三房 两房朝南 房东诚心出售,西小河小区,,,,,,,,137,"14,998"
雍澜府 精装修 三开间朝南 出门就是教育机构,雍澜府,,,,,,,,243,"25,302"
塘栖热门小区出售。房东诚心出售！两房朝南格局,塘栖一小区,,,,,,,,105,"16,760"
奥特莱斯旁低总价小三房。首付50万出头,九龙仓君廷,,,,,,,,175,"20,069"
层高5.8米，楼层好，诚心出售,美致生活广场,,,,,,,,73,"22,636"
九龙仓二期次新房，位置佳，阳光无遮挡，物业贴心,九龙仓君廷,,,,,,,,218,"16,643"
二期次新房，中间楼层，视野好，绿城物业，格局方正,九龙仓君廷,,,,,,,,175,"20,104"
九龙仓二期排屋，地下两层，看房方便，绿城物业,九龙仓君廷,4室2厅,141.67平米,南,毛坯,下叠(共3层),板塔结合,叠拼别墅,510,"36,000"
锦绣名邸 三房户型 中间楼层 南北通透采光好 房东诚售,锦绣名邸,,,,,,,,187,"16,548"
九龙仓二期排屋，地下两层，看房方便，绿城物业,九龙仓君廷,4室2厅,141.56平米,南,毛坯,下叠(共3层),板楼,叠拼别墅,499,"35,251"
楼层好   视野开阔   采光充足    交通便利,塘南茗苑,,,,,,,,170,"14,210"
着急出售，品质小区，绿城物业，中间联排，带花园,九龙仓君廷,5室2厅,141.61平米,南 北,毛坯,下叠(共3层),板塔结合,叠拼别墅,520,"36,721"
塘南茗苑 三室两厅两卫 有钥匙诚心卖 采光好,塘南茗苑,,,,,,,,190,"15,881"
正气户型，全明边套，高层视野，物业贴心,九龙仓君廷,,,,,,,,200,"22,986"
楼层好，大四房南北通，无遮挡采光足，车位可售。,九龙仓君廷,,,,,,,,255,"19,502"
锦绣名邸，三房全明户型 采光好 视野宽阔,锦绣名邸,,,,,,,,200,"17,698"
三房两卫 南北通透 中间楼层 房东诚心出售,水岸锦城,,,,,,,,223,"16,955"
次新小区 排屋 全明户型 视野开阔 位置佳 随时看房,九龙仓君廷,5室2厅,141.67平米,南,毛坯,下叠(共3层),板塔结合,叠拼别墅,550,"38,823"
得房高 格局好 采光充足 民水民电 带天然气,美致生活广场,,,,,,,,92,"18,677"
群升星河印象中心 1室1厅 北,群升星河印象中心,,,,,,,,43,"14,225"
低总价、边套大户型、采光好、业主诚心出售,欣北钱江国际广场,,,,,,,,110,"13,422"
楼层好 采光好 视野开阔 配套设施齐全,远顺大厦,,,,,,,,35,"7,374"
龙栖湾大厦 1室1厅 北,龙栖湾大厦,,,,,,,,70,"18,930"
户型是LOFT公寓，上下两层。大房2卫户型方正，,美致生活广场,,,,,,,,70,"21,706"
精装修两房，中间楼层，拎包可以入住  三开间朝南,野风启城,,,,,,,,169,"22,722"
总价低 近古镇 临运河 房东诚心出售,东石塘,,,,,,,,83,"14,471"
小洋房，大两房边套户型，中间楼层，房东腾指标，急卖,康庭和苑,,,,,,,,133,"18,501"
房子是小户型的.适合刚需自住.,康庭和苑,,,,,,,,130,"18,094"
贝利望府 精装修40万 拎包入住 采光好 户型正边套户型,贝利栖溪望府,,,,,,,,239,"20,999"
康庭和苑 两房户型 满五年 南北通透 视野开阔采光好!,康庭和苑,,,,,,,,150,"18,242"
精装修。看房方便，价格可商量，诚心出售！,欣北钱江国际广场,,,,,,,,52,"9,643"
50年产权的 ，装修好，直接拎包入住。,万盛商贸城公寓,,,,,,,,48,"12,397"
次新小区电梯房1室1厅，中高楼层，采光好，格局好。,天府家园,,,,,,,,98,"20,337"
九龙仓君廷  4室2厅 南北 精装 诚心出售,九龙仓君廷,,,,,,,,278,"21,287"
小区中位置中间楼层 自住精装修 满五年急卖看房随时,贝利栖溪公馆,,,,,,,,300,"22,196"
跃层花园洋房，总高6楼带电梯，独门独户，有车位！,野风启城,,,,,,,,370,"15,637"
野风启城洋房采光好，看房有钥匙,野风启城,,,,,,,,315,"16,108"
精装3房 客厅带阳台 西边套 全明户型,东小河公寓,,,,,,,,185,"14,695"
康庭和苑，电梯中高楼层，看房方便。,康庭和苑,,,,,,,,204,"16,314"
低总价经典大三房首付60万刚需客户,康庭和苑,,,,,,,,200,"16,449"
全明户型 看房方便 房东诚心出售 户型正气,西小河小区,,,,,,,,180,"14,853"
此房满两年 楼层好 视野宽阔 采光充足 交通便利,栖水珑庭,,,,,,,,240,"19,570"
三开间朝南双阳台，全明户型，中间楼层，采光无忧！,众孚水榭花都,,,,,,,,226,"17,152"
房东诚心出售价钱合理。小户型总价低,欣北钱江国际广场,,,,,,,,33,"9,790"
满五 得房率高，精装修、采光好，看房方便,野风启城,,,,,,,,188,"22,136"
房东急卖好房，精装自住loft,欣北钱江国际广场,,,,,,,,69,"12,496"
精装loft房东自住装修，层高4.98,美致生活广场,,,,,,,,98,"18,085"
：房子户型好，格局好，精装修，房东诚心出售,欣北钱江国际广场,,,,,,,,58,"10,376"
开发商精装修 房东再精装修 朝西朝北 采光好,美致生活广场,,,,,,,,68,"22,592"
精装复式，税费少采光好看房方便有阳台通燃气.,美致生活广场,,,,,,,,98,"19,964"
50年产权的 ，精装修，直接拎包入住。,万盛商贸城公寓,,,,,,,,58,"14,980"
三开间朝南的全明户型，房子精装修，楼层好视野开阔！,春风江南府,,,,,,,,190,"21,690"
房东诚心出售  楼层好  总价低  采光好,佳丽苑,,,,,,,,115,"16,799"
纯毛坯 大面积 中间楼层 东边套,水乡华庭,,,,,,,,270,"18,051"
隋塘合院 刚交房 环境优美 高 档小区 三面环水 毛坯房,随塘,,,,,,,,550,"35,668"
一居室户型，总价不高，给您在杭州安一个家。,康庭和苑,,,,,,,,96,"18,059"
房东诚心出售，精装修，南北通风局好，视野开阔采光好,雍澜府,,,,,,,,245,"22,193"
塘栖古镇旅游景区旁，运河一线景观房，环境优美,西小河小区,,,,,,,,170,"16,546"
水乡人家 户型好 楼层佳 楼梯房得房率高,水乡人家,,,,,,,,156,"16,705"
看房方便，房东诚心出售，随时可签。,欣北钱江国际广场,,,,,,,,58,"10,729"
西小河小区房两厅，位置不沿马路，铃包入住。,西小河小区,,,,,,,,120,"15,106"
九龙仓大品牌 绿城物业管理 满五年 靠河边 视野好,九龙仓君廷,,,,,,,,185,"21,302"
上下二层 复式结构 纯毛坯 改造性强！视野宽阔！,水乡华庭,,,,,,,,299,"17,723"
水乡华庭 两房 总价低 户型正 交通便利 古镇边上,水乡华庭,,,,,,,,170,"20,152"
中间楼层 双阳台三房户型 诚心卖看房有钥匙,春风江南府,,,,,,,,175,"20,430"
房子全新装修，小三房，拎包入住。,众孚水榭花都,,,,,,,,175,"22,027"
层高5.8米，诚心出售.，楼层好 诚心卖 燃气做饭燃,美致生活广场,,,,,,,,72,"22,326"
满五年住宅 房东诚心出售 简单装修 南北通 电梯房,景丽华庭,,,,,,,,162,"17,529"
此房满5年，采光好 很通透，东边套,广济公寓,,,,,,,,132,"18,098"
：层高4.98米，诚心出售.，楼层好 诚心卖 燃气做饭,美致生活广场,,,,,,,,65,"20,275"
50年产权 ，精装修，直接拎包入住。,万盛商贸城公寓,,,,,,,,56,"14,463"
塘栖小区近三小 采光好 户型方正 房东诚售 满五唯一,塘栖一小区,,,,,,,,102,"16,240"
此房满五年唯一 三开间朝南 全明户型 配套设施齐全,贝利栖溪望府,,,,,,,,176,"19,787"
精装复式，税费少采光好有钥匙，看房方便有阳台通燃气,美致生活广场,,,,,,,,100,"18,454"
层高4.98米，诚心出售.，楼层好 诚心卖 燃气可做饭,美致生活广场,,,,,,,,70,"21,706"
九龙仓君廷 3室2厅 南,九龙仓君廷,,,,,,,,170,"19,496"
精装修，很少入住，楼层棒，房东诚心，有钥匙随时看。,康庭和苑,,,,,,,,120,"22,758"
总建筑面大，酒店、办公、社交和居住等于一体的,欣北钱江国际广场,,,,,,,,31,"9,197"
此房满五年 三开间朝南 全明户型  客厅带阳台,贝利栖溪望府,,,,,,,,170,"19,091"
乐苑小区精装修 有钥匙拎包入住,乐苑小区,,,,,,,,110,"17,966"
精装两房，有双阳台，基础设施齐全，房东诚心出售,野风启城,,,,,,,,162,"21,781"
满五唯一 电梯房中间楼层  税少,景丽华庭,,,,,,,,175,"18,621"
层高4.98米，诚心出售.，楼层好 诚心卖 燃气做饭燃,美致生活广场,,,,,,,,63,"19,535"
水岸名筑 精装修 大三房 东边套 采光足 南北通透格局,水岸名筑,,,,,,,,220,"16,434"
次新房，高楼层视野好，阳光充足，有装修，户型正气,九龙仓君廷,,,,,,,,188,"22,071"
精装修满五年 中间楼层 边套视野好 房东诚心卖,九龙仓君廷,,,,,,,,190,"21,762"
康庭和苑 位置好 交通便利 采光足 配套成熟 户型好,康庭和苑,,,,,,,,188,"15,539"
此房满五税少     地理位置好     楼层高视野好,西小河小区,,,,,,,,143,"16,328"
品质小区   户型正气   三开间朝南,贝利栖溪公馆,,,,,,,,195,"21,514"
塘栖古镇景区里，全明客厅带阳台朝南，精装修满五,皮匠弄,,,,,,,,150,"16,877"
塘栖古镇旅游景区旁，环境优美.,西小河小区,,,,,,,,110,"16,362"
品质小区 精装修 有车位 诚心出售,贝利栖溪望府,,,,,,,,185,"19,964"
采光好视野开阔，全明户型 看房方便 房东诚售,西小河小区,,,,,,,,95,"15,348"
品质开发商，绿城物业，次新房，高层东边套，奥特莱斯,九龙仓君廷,,,,,,,,240,"18,451"
此房满五唯一，离古镇就200米。,西小河街353号,,,,,,,,95,"16,298"
野风启程精装修的带电梯的小洋房,野风启城,,,,,,,,280,"19,826"
买的不是房，买的是幸福，真的很温馨,野风启城,,,,,,,,340,"19,968"
塘栖镇中间位置沿河景观房，户型方正全明，中间楼层,塘栖嘉园,,,,,,,,235,"14,780"
东小河公寓  大平层 采光好 户型正气 适合二三胎家庭,东小河公寓,,,,,,,,223,"14,980"
满五年，三开间朝南。大阳台，房东诚心出售,东小河公寓,,,,,,,,198,"14,536"
32.25方。2房2厅2卫1阳台，精装修，房东诚心出售！,美致生活广场,,,,,,,,65,"20,156"
房子满五年 中高楼层 视野好 房东诚心卖,九龙仓君廷,,,,,,,,193,"22,658"
房子可以开饭店 美容店 框架结构可以随心装,西小河小区,,,,,,,,350,"13,722"
九龙仓排屋，上下两层，看房方便，房东诚心,九龙仓君廷,4室2厅,262.98平米,南,毛坯,上叠(共4层),板楼,叠拼别墅,480,"18,253"
精装两房 带大出库 户型方正 采光好,塘栖一小区,,,,,,,,120,"18,663"
叠排品质，带地下室带花园，看房方便，房东诚心卖。,九龙仓君廷,4室2厅,227.88平米,南,毛坯,上叠(共4层),板楼,叠拼别墅,480,"21,064"
此房满五，精装修，拎包入住，低楼层，房东诚意出售,景丽华庭,,,,,,,,202,"15,905"
野风启城 4室1厅 南,野风启城,,,,,,,,200,"23,813"
50年产权的酒店式公寓 ，精装修，拎包入住。,万盛商贸城公寓,,,,,,,,60,"14,205"
精装修  边套房  自住保养好  三房两卫,众孚水榭花都,,,,,,,,243,"17,995"
三房朝南户型     采光好    楼层好  格局舒适,人民路1号,,,,,,,,200,"18,334"
满五唯一，中间楼层西边套，经典三开间朝南,原舍花苑,,,,,,,,280,"20,949"
精装3房 维护很好 拎包入住 宽敞明亮,原舍花苑,,,,,,,,320,"19,969"
此房满五年，户型南北通，四房户型，采光好，景色佳,野风启城,,,,,,,,199,"23,210"
天府家园 hao华装修没住人 诚心卖 采光好,天府家园,,,,,,,,330,"23,936"
塘栖古镇上，满五年，实用面积176方，诚心出售,皮匠弄,,,,,,,,210,"23,464"
越层有阁楼三室两厅两卫，有车库另算,乐苑小区,,,,,,,,240,"17,707"
小面积大3房，出行便利    含有7平方储藏室,塘栖一小区,,,,,,,,150,"16,686"
房东诚心出售    装修还可以的,塘南茗苑,,,,,,,,225,"18,824"
贝利公馆精装修 中间楼层 采光无遮挡 诚心出售,贝利栖溪公馆,,,,,,,,220,"23,018"
水乡名苑新出来的满五年的房子介绍,水乡名苑,,,,,,,,248,"16,442"
自住全新精装修 三房两卫南北通风格局好 带小花园,金石华城,,,,,,,,270,"19,962"
栖溪望府业主诚心出售，精装修 看房方便,贝利栖溪望府,,,,,,,,185,"19,964"
绿城物业，精装满5年，小区品质好，南北通透,九龙仓君廷,,,,,,,,193,"22,658"
满五年 南北通透 双阳台 非顶楼 采光充足！,西小河小区,,,,,,,,142,"14,215"
二开间朝南 南北通透 中间楼层 前无遮挡 视野开阔,运动新村,,,,,,,,180,"14,803"
此房满二年 中间好楼层 边套户型 景区步行街旁,广济公寓,,,,,,,,189,"16,444"
楼幢位置佳，房间带同面积地下室，前后皆有花园,野风启城,,,,,,,,380,"22,849"
野风一期大洋房，采光视野好  小区中间位置,野风启城,,,,,,,,290,"17,132"
三房两卫 中间楼层 采光充足 格局好,栖水珑庭,,,,,,,,270,"20,641"
得房高 格局好 采光充足 商水民电 带天然气,美致生活广场,,,,,,,,93,"18,945"
通燃气，美致生活广场上下两层，毛坯房，从未入住过,美致生活广场,,,,,,,,98,"18,085"
塘栖古镇 大三房有车库  采光好   车库另算,众孚水榭花都,,,,,,,,227,"17,166"
满五唯一，得房率高，自住装修，诚意出售看房方便！,野风启城,,,,,,,,182,"20,966"
精装 精装 精装 三房户型 中间楼层,东小河公寓,,,,,,,,180,"17,505"
"此房満五, 采光好 古镇边 带阁楼",东小河公寓,,,,,,,,215,"17,032"
房东诚心出售，看房方便，房是东边套户型,春风江南府,,,,,,,,245,"22,094"
塘栖古镇，三小旁边简装修刚需3房可拎包入住满五年,塘栖一小区,,,,,,,,126,"17,356"
精装3房两卫 自住装修 房东维护很好  采光好,原舍花苑,,,,,,,,245,"17,649"
绿城物业，次新校区，精装修，楼层佳，税费少,九龙仓君廷,,,,,,,,185,"21,603"
满五.三房简单装修.......,塘栖一小区,,,,,,,,136,"16,914"
乐苑小区 次新房，家电新。 拎包入住的,乐苑小区,,,,,,,,212,"15,944"
此房不满五年，户型南北通，三房户型，采光好，景色佳,野风启城,,,,,,,,183,"21,548"
贝利栖溪公馆 边套精装修 房东置换 诚心出售,贝利栖溪公馆,,,,,,,,270,"19,791"
房子是精装修4房2厅1卫格局，楼层好，采光好。,野风启城,,,,,,,,180,"20,994"
三房两卫 中间楼层 南北通透 诚心出售,塘栖一小区,,,,,,,,187,"14,952"
野风三房自住装修，房东置换诚心出售,野风启城,,,,,,,,190,"22,622"
野风三房自住装修，房东置换诚心出售,野风启城,,,,,,,,185,"22,319"
房子视野好楼层好小区成熟满五税少,金石华城,,,,,,,,245,"21,492"
随时看房业主诚心卖，边套上叠采光充足，户型方正,九龙仓君廷,5室2厅,228.08平米,南 北,简装,上叠(共4层),板楼,叠拼别墅,508,"22,273"
东石塘3房古镇边上水北就在边上,东石塘,,,,,,,,137,"15,202"
野风启城，少有的边套跃层，自住精装修，,野风启城,,,,,,,,220,"27,649"
古镇旁   大面积 精装修   景观房,水乡华庭,,,,,,,,368,"24,560"
塘栖嘉园 满5年，精装修，总价低，面积大，采光好。,塘栖嘉园,,,,,,,,246,"16,813"
通燃气，精装修，夹边套，三房全明。,美致生活广场,,,,,,,,90,"22,433"
户型正气，楼层虚，采光好，房东诚心出售,乐苑小区,,,,,,,,120,"18,032"
野风启城  带花园地下室 跃层洋房   纯毛坯,野风启城,,,,,,,,430,"21,286"
精装修150多万 满二年 上叠排 带露台 环境优美,九龙仓君廷,5室2厅,227.97平米,南,精装,上叠(共4层),板楼,叠拼别墅,580,"25,442"
品质小区  绿城物业   叠排上两层下两层   户型正气,九龙仓君廷,4室2厅,233.48平米,南,精装,上叠(共4层),板楼,叠拼别墅,597,"25,570"
野风启城新装修大洋房，五房二厅三卫，大花园,野风启城,,,,,,,,520,"26,030"
满五唯一房源，户型正，采光好，南北通，看房方便,野风启城,,,,,,,,190,"21,142"
塘栖古镇旅游景区旁，运河一线景观房，环境优美,原舍花苑,,,,,,,,300,"23,821"
户型南北通，无遮挡，采光好 楼盘位置好,野风启城,6室2厅,330.26平米,南,毛坯,4层,板楼,联排别墅,550,"16,654"
顶楼 跃层 带露台  楼层好，视野开阔！,景丽华庭,,,,,,,,215,"15,379"
南北双阳台，装修好，大三房，户型正,塘栖栖里东苑,,,,,,,,220,"17,606"
金石华城 顶跃户型 *大露台 上下两层 诚心卖我有钥匙,金石华城,,,,,,,,230,"25,673"
户型方正 中间楼层  采光好 视野无遮挡,西小河小区,,,,,,,,170,"15,990"
纯毛坯房 顶楼带阁楼 带大露台,塘栖嘉园,,,,,,,,202,"13,307"
此房户型方正，房东诚心出售 ，采光无忧，配套设施齐,西苑小区,,,,,,,,135,"17,035"
满五，中间楼层有停车场，南北通风格局好带两个储藏室,东小河公寓,,,,,,,,185,"15,612"
纯毛坯，洋房，四房户型，房东诚心，有钥匙，随时看房,野风启城,,,,,,,,400,"28,039"
满五年 顶楼带阁楼 实际使用面积大 采光充足视野开阔,原舍花苑,,,,,,,,253,"19,151"
满二年 南北通透 边套户型 小区环境优美 看房方便,贝利栖溪望府,,,,,,,,225,"19,758"
精装修，没住过人，房东诚心卖房。,贝利栖溪公馆,,,,,,,,308,"24,020"
二期次新房，中楼层，毛坯容易装修，房东诚心卖,九龙仓君廷,,,,,,,,175,"20,104"
房子精装 节省装修的时间和精力 采光好 视野开阔,原舍花苑,,,,,,,,230,"18,041"
174方的精装修房子，大厨房3个卫生间,美致生活广场,,,,,,,,105,"19,377"
全明东边套，房子满五，户型正气，南北通透,塘栖嘉园,,,,,,,,198,"13,738"
精装修四房三开间朝南 楼层采光好,水乡人家,,,,,,,,220,"17,778"
水乡华庭 边套户型 采光好  业主诚心出售 看房方便,水乡华庭,,,,,,,,350,"19,722"
九龙仓别墅优选       欢迎前来咨询,九龙仓君廷,3室2厅,233.25平米,南,毛坯,上叠(共4层),板楼,叠拼别墅,518,"22,208"
业主诚心出售，层高5.8米，精装交付，随时看房。,美致生活广场,,,,,,,,115,"21,222"
金石华城 塘栖标杆小区 大三房户型好 毛坯可自主装修,金石华城,,,,,,,,242,"20,863"
3室1厅精装修4.98层高自住出租都合适,美致生活广场,,,,,,,,65,"20,156"
绿城物业，精装修三开间朝南 采光视野好 房东诚心卖,九龙仓君廷,,,,,,,,169,"19,734"
满五唯一  两开间朝南  精装修  配套齐全,野风启城,,,,,,,,159.8,"21,485"
贝利栖溪公馆 中间楼层 纯毛坯满五 诚心卖价格可谈,贝利栖溪公馆,,,,,,,,264,"21,926"
野风启城直接拎包入住的精装修房子,野风启城,,,,,,,,183,"22,394"
满五年 南北通透 东边套 朝南双阳台 视野宽阔 采光佳,水乡华庭,,,,,,,,166,"18,422"
二期次新房，边套大四房，阳光不挡，看房方便,九龙仓君廷,,,,,,,,240,"18,362"
塘栖小区3楼，满五唯一，楼层好，位置好，采光好,塘栖一小区,,,,,,,,95,"16,162"
品质开发商，高层视野西边套，看房方便，绿城物业,九龙仓君廷,,,,,,,,246,"18,781"
东边套，满五唯一，好楼层，精装修,九龙仓君廷,,,,,,,,178,"20,388"
一小区 小户型 三房 满五 位置好,塘栖一小区,,,,,,,,128,"15,473"
二期次新房，高层视野东边套，看房方便，绿城物业,九龙仓君廷,,,,,,,,235,"18,073"
层高5.8米精装loft，无需社保，诚心出售看房方便,美致生活广场,,,,,,,,68,"21,086"
低总价、朝南、采光好、精装修、业主诚心出售,欣北钱江国际广场,,,,,,,,55,"10,174"
满五年 南北通透全明户型  三开间朝南,锦绣名邸,,,,,,,,193,"14,898"
二期联排，上三下二，带地下室，诚心卖,九龙仓君廷,4室2厅,141.58平米,南,毛坯,下叠(共3层),板楼,叠拼别墅,488,"34,469"
美致公寓 民水民电 带阳台烧燃气  精装修4.98米层高,美致生活广场,,,,,,,,63,"19,535"
隋唐四开间朝南 精装洋房 家具家电齐全,随塘,,,,,,,,330,"25,946"
贝利栖溪公馆 东边套中间楼层 两开间朝南精装自住装修,贝利栖溪公馆,,,,,,,,220,"21,333"
房子装修好的 基本直接入住的 户型好 采光好,康庭和苑,,,,,,,,137,"17,268"
塘栖一小区 楼层好 位置佳 户型好得房率高,塘栖一小区,,,,,,,,97,"15,962"
栖溪公馆 满五年 纯毛坯 配套齐全,贝利栖溪公馆,,,,,,,,190,"21,034"
野风启城 洋房跃层 *高得房率 小区环境优美 素质小区,野风启城,,,,,,,,380,"17,838"
总价低 环境优美 户型正气 配套齐全 随时可看 5室2卫,野风启城,,,,,,,,450,"18,055"
原舍花苑大面积排屋 全明户型 诚心出售有钥匙,原舍花苑,,,,,,,,650,"24,384"
野风一期大四房，全新精装修 满五年，钥匙在店，诚心,野风启城,,,,,,,,260,"18,959"
层高5.8米精装l 无需社保，诚心出售看房随时,美致生活广场,,,,,,,,88,"27,831"
户型南北通，无遮挡，采光好 楼盘位置好,野风启城,,,,,,,,310,"18,174"
次新小区，上叠东边套，诚心卖，看房方便，交通便利,九龙仓君廷,4室2厅,227.76平米,南,精装,上叠(共4层),板楼,叠拼别墅,498,"21,866"
有电梯的叠排，上下一共五层，一楼有花园,九龙仓君廷,5室3厅,243.86平米,南 北,毛坯,上叠(共4层),板楼,叠拼别墅,530,"21,734"
晨光跃层户型，房东诚心出售，欢迎来电咨询,宋都晨光国际,,,,,,,,340,"38,332"
高楼层，采光充足，江景视野很好。世茂双阳台户型。,世茂江滨花园峻景湾,,,,,,,,230,"26,113"
保利东湾二期，三开间朝南，双阳台,保利东湾,,,,,,,,340,"26,732"
此房满五  业主很诚心卖   地铁口 新小区,宋都晨光国际,,,,,,,,350,"39,950"
保利东湾 优美户型 三房两卫 通透好 采光不受影响,保利东湾,,,,,,,,270,"29,629"
楼下就是1号线江滨站地铁口，边套，好户型,宋都晨光国际,,,,,,,,390,"28,612"
满五年 精装修 大跃层 中间楼层 拎包入住,宋都晨光国际,,,,,,,,615,"40,373"
世茂江滨花园 户型好 房东诚心出售，价格看房提前联系,世茂江滨花园瑞景湾,,,,,,,,375,"27,981"
此房业主精装修，朝南南格局，明户型,世茂江滨商业中心,,,,,,,,108,"16,058"
玫瑰湾顶跃大户型，一线江景无遮挡，采光好视野佳,保利玫瑰湾,,,,,,,,539,"27,934"
江景标准两房，适用刚需人群，总价低,保利东湾,,,,,,,,175,"27,916"
满两年，中间楼层，采光好，房东诚心出售,世茂江滨花园峻景湾,,,,,,,,410,"30,472"
晨光国际大四房 诚心出售 有车位,宋都晨光国际,,,,,,,,470,"25,203"
房子户型好，楼层好视野佳，江景好 采光充足 交通便利,保利东湾,,,,,,,,355,"30,559"
高楼层，视野开阔，看房方便，5.8米层高，动静分离,保利湾天地二期,,,,,,,,95,"13,036"
保利排屋环境优美绿化好安心物业,保利鹭沙郡府,5室2厅,211.03平米,南 北,简装,3层,板塔结合,联排别墅,900,"42,648"
地铁沿线，交通便利，楼层好，边套,世茂江滨花园瑞景湾,,,,,,,,375,"27,981"
保利玫瑰湾3房2卫户型，全明户型 业主诚心卖,保利玫瑰湾,,,,,,,,264,"29,353"
保利东湾 1幢户型 215方 诚心出售 方便看房,保利东湾,,,,,,,,530,"24,724"
大平层  楼层好  视野开阔   一线江景房  居住舒适,保利东湾,,,,,,,,500,"23,325"
720度江景视野，DI铁房，人车分流,宋都晨光国际,,,,,,,,500,"26,813"
大平层，适合大家庭，诚心出售，无遮挡，居住舒适。,金隅观澜时代天筑,,,,,,,,550,"23,602"
楼层高，开阔江景，正对钱塘江一线江景 交通便捷 。,金隅观澜时代天筑,,,,,,,,650,"22,034"
世茂出品，新装修，楼层好，满五年，视野好,世茂江滨花园峻景湾,,,,,,,,258,"28,847"
世茂瑞景湾  满五唯一  配套齐全小三房,世茂江滨花园瑞景湾,,,,,,,,245,"27,734"
保利湾天地，央企品质，跃层loft,保利湾天地二期,,,,,,,,110,"23,202"
满五唯一，诚心出售，总价低，地铁口，出租托管装修,宋都晨光国际,,,,,,,,225,"34,294"
一线江景，精装修自住，业主诚心出售,金隅观澜时代天筑,,,,,,,,268,"31,943"
一线江景满5得房率*高三房两卫好楼层,保利东湾,,,,,,,,263,"28,081"
楼层好，视野开阔，采光充足，交通十分便利,世茂江滨花园峻景湾,,,,,,,,245,"27,737"
保利东湾经典东边套，户型好，采光不错,保利东湾,,,,,,,,270,"29,733"
大四房双卫，电梯入户带入户花园，一线江景房，满五年,保利东湾,,,,,,,,450,"23,524"
一线江景无遮挡 6米宽的舒适大客厅,金隅观澜时代天筑,,,,,,,,450,"25,585"
满五年无增值税，江滨站地铁口 ，中间楼层，江边漫步,世茂江滨花园瑞景湾,,,,,,,,260,"29,715"
大三房 一线江景 双阳台 满五年,世茂江滨花园峻景湾,,,,,,,,360,"27,507"
楼层好，视野开阔，业主诚心出售,观澜时代云邸苑,,,,,,,,270,"31,476"
云邸大平层 一线江景无遮挡 满五年,观澜时代云邸苑,,,,,,,,580,"26,890"
保利东湾一线江景，得房率高，配套成熟，南北朝向,保利东湾,,,,,,,,252,"27,641"
世茂方正大四房。使用面积多，采光日照充足,世茂江滨花园碧景湾,,,,,,,,400,"25,443"
楼层好，南向双阳台，可看江景，视野开阔,世茂江滨花园碧景湾,,,,,,,,680,"26,474"
江景标准两房，适用于刚需人群，诚心卖,保利东湾,,,,,,,,175,"27,730"
满五税费少，大户型舒服度高，2梯2户，独门独户,保利东湾,,,,,,,,400,"20,841"
四开间朝南，一线江景，楼层好，户型好，诚心出售,保利东湾,,,,,,,,460,"24,122"
满五唯一，一线江景，高楼层，诚心出售，看房方便,世茂江滨花园峻景湾,,,,,,,,310,"24,826"
此房朝南 地铁口 精装修 可自住 诚心出售 楼层好,世茂江滨商业中心,,,,,,,,63,"13,593"
一线江景大四房 视野没有任何遮挡 满五年,金隅观澜时代天筑,,,,,,,,480,"26,607"
世茂江滨花园峻景湾 一线江景大四房,世茂江滨花园峻景湾,,,,,,,,420,"26,368"
杭城之巅 一览下沙 一线江景 诚心出售,金隅观澜时代天筑,,,,,,,,230,"27,414"
宋都晨光国际跃层，托管装修，近地铁，交通便利,宋都晨光国际,,,,,,,,340,"39,435"
晨光国际顶跃，诚心出售，欢迎咨询。,宋都晨光国际,,,,,,,,370,"42,335"
保利东湾 东区新上刚需江景房 视野开阔 带大阳台,保利东湾,,,,,,,,165,"28,346"
云邸大平层纯西边套 采光好 一线江景,观澜时代云邸苑,,,,,,,,560,"21,452"
地铁口品质小区，大面积跃层户型，一线江景；,世茂江滨花园碧景湾,,,,,,,,680,"26,504"
房子跃层户型，高楼层，满五年，诚心卖，大四房,宋都晨光国际,,,,,,,,575,"37,747"
晨光少有的大顶跃带空中花园，实用面积大,宋都晨光国际,,,,,,,,670,"27,148"
南北格局，楼层好，视野开阔，采光充足。配套齐全,保利东湾,,,,,,,,240,"26,804"
地铁口，纯东边套，昊楼层，诚心卖,宋都晨光国际,,,,,,,,300,"33,621"
晨光东边套大四居  满五年且在杭只有一套,宋都晨光国际,,,,,,,,500,"26,813"
高楼层，采光充足，江景视野很好。世茂双阳台户型。,世茂江滨花园峻景湾,,,,,,,,230,"26,113"
视野采光很好，可看江景，大户型，大风景,金隅观澜时代天筑,,,,,,,,465,"23,069"
小区经典户型，楼层高，视野开阔，精装自住，看房随时,世茂江滨花园峻景湾,,,,,,,,365,"27,122"
边套户型采光好，视野好，一线江景房,金隅观澜时代天筑,,,,,,,,275,"32,434"
精装大3房。复式 楼层好，江景房 装修新,金隅观澜时代朗轩,,,,,,,,305,"30,519"
地铁口 世茂广场 精装一居室公寓 诚心卖 随时看房,世茂江滨商业中心,,,,,,,,58,"15,065"
自住精装修 拎包入住 价格可谈,保利湾天地二期,,,,,,,,90,"18,984"
房东急卖，价格好谈，自住装修，看房方便，中间楼层。,保利湾天地二期,,,,,,,,110,"11,319"
LOFT结构精装修 业主诚心出售 看房方便 央企开发商,保利湾天地二期,,,,,,,,78,"16,453"
业主自住，重新精装修，朝南，江景房，急售！,金隅空港公馆,,,,,,,,68,"11,579"
层高4.79的Loft户型 动静分离 双阳台 居住舒适,保利湾天地,,,,,,,,102,"14,334"
保利精致江景住宅 满五唯一 带车位 诚心卖,保利东湾,,,,,,,,196,"32,386"
楼层好，视野开阔，采光充足，交通十分便利,世茂江滨花园峻景湾,,,,,,,,220,"24,978"
得房使用率高，配套成熟，近钱塘江，视野好,保利东湾,,,,,,,,170,"26,938"
世茂江滨精装修2-2-1-1 带电器 拎包入住,世茂江滨商业中心,,,,,,,,135,"13,392"
层高5.79 中高楼层 二手买进,保利湾天地二期,,,,,,,,105,"14,408"
业主诚心出售   看房预约  居家小两房,保利东湾,,,,,,,,180,"29,743"
精装修跃层，层高5.8米， 静动分离,保利湾天地,,,,,,,,105,"14,756"
房东精装自住，层高5.8米，温馨两房诚心出售,保利湾天地,,,,,,,,125,"13,298"
纯边套，业主诚心出售，目前自己住，保养好,世茂江滨商业中心,,,,,,,,80,"15,239"
世茂广场，精装修拎包入住，近地铁。,世茂江滨商业中心,,,,,,,,65,"16,801"
金隅观澜 一线江景 私人小天地 躺床上看江景享受生活,金隅空港公馆,,,,,,,,75,"13,754"
空港精装修小户型低总价自住出租都可以,金隅空港公馆,,,,,,,,75,"14,589"
精装边套，价格低税费少，业主诚心出售,金隅空港公馆,,,,,,,,65,"11,789"
新上精装修好房 下沙江滨站 交通便利 拎包入住,世茂江滨商业中心,,,,,,,,70,"15,003"
楼层好，视野开阔，配套设施齐全，诚心出售,金隅空港公馆,,,,,,,,59,"11,679"
下沙江滨地铁口大四房，视野开阔 可看江景,宋都晨光国际,,,,,,,,510,"30,960"
中间楼层，双阳台，满五唯一，自住精装修，看房方便,保利玫瑰湾,,,,,,,,228,"27,517"
精装修自住  满五唯一  房东诚心卖,保利东湾,,,,,,,,250,"28,641"
地铁口大四房，中间楼层可看江景,宋都晨光国际,,,,,,,,395,"29,139"
世茂江滨经典小换大户型，居住舒适，南北通透。,世茂江滨花园瑞景湾,,,,,,,,398,"29,698"
东湾纯东边套大四房客厅朝南卧室带阳台业主诚心卖,保利东湾,,,,,,,,383,"28,304"
房东诚心出售，开发商精装修，全新配套。,金隅空港公馆,,,,,,,,62,"11,919"
江滨地铁口100米，精装修，拎包入住。,世茂江滨商业中心,,,,,,,,78,"16,717"
此房开发商统一装修，拎包入住，价格实惠，楼层好,世茂江滨商业中心,,,,,,,,68,"14,593"
经典loft，户型正气，开发商装修,保利湾天地二期,,,,,,,,165,"13,324"
"房东诚心出售，客厅带阳台,自如装修，中间楼层",保利东湾,,,,,,,,364,"26,892"
世茂一期，自住50万精装修纯东边套户型,世茂江滨花园碧景湾,,,,,,,,450,"33,383"
中高楼层  露台浇筑 四阳台，急售，满五,世茂江滨花园峻景湾,,,,,,,,330,"24,527"
保利东湾，经典小两房，业主精装自住，诚心出售,保利东湾,,,,,,,,220,"28,952"
此房满五无增值税，房东自住装修，诚心出售,世茂江滨花园峻景湾,,,,,,,,230,"26,179"
楼层好，采光无遮挡，视野开阔，户型方正,世茂江滨花园碧景湾,,,,,,,,265,"29,856"
沿江小区，环境优美，5.8米层高精装修loft，拎包入住,保利湾天地二期,,,,,,,,120,"16,869"
下沙沿江小区环境优美，5.8米层高无可挑剔，央企开发,保利湾天地二期,,,,,,,,115,"11,859"
满五年且业主唯一一套 地铁口 精装修 一线江景房,世茂江滨花园峻景湾,,,,,,,,240,"27,242"
沿江南保利东湾精装2-2-1-1小两房,保利东湾,,,,,,,,193,"29,789"
视野好，采光充足，配套设施全面，交通便利，楼层好。,金隅空港公馆,,,,,,,,75,"13,602"
保利排屋环境好带花园入住高诚心出售,保利鹭沙郡府,5室2厅,214.48平米,南,简装,3层,板塔结合,联排别墅,870,"40,564"
玫瑰湾东边套三房精装修满五年唯一业主诚心出售,保利玫瑰湾,,,,,,,,330,"30,827"
观澜天筑，跃层使用面积大，江景视野好，业主诚心出售,金隅观澜时代天筑,,,,,,,,550,"27,510"
三房 中高楼层 业主诚心出售 价格可以谈,世茂江滨花园瑞景湾,,,,,,,,240,"27,168"
中高楼层，一线江景，全明户型，交通方便,世茂江滨花园瑞景湾,,,,,,,,380,"28,310"
满五唯一，业主诚心出售，户型方正，朝南,宋都晨光国际,,,,,,,,390,"28,437"
楼层佳，视野宽阔，采光充足无遮挡，配套充足交通便利,保利湾天地二期,,,,,,,,85,"17,929"
5.8米标准层高，居住更舒适，精装修，双阳台，诚心售,保利湾天地二期,,,,,,,,93,"9,858"
保利舒适大两居全明户型精装修拎包入住 业主急售,保利东湾,,,,,,,,215,"28,294"
保利热卖边套三房户型全明两卫 利用空间大 一线江景,保利东湾,,,,,,,,270,"28,712"
97方户型，层高5.6米，双卫，双阳台，民用电商用水,保利湾天地二期,,,,,,,,140,"14,436"
世茂精装修比较温馨的装修 风格    双阳台  园景房,世茂江滨花园峻景湾,,,,,,,,255,"29,040"
满五三房，自住精装修，看房方便，楼层好,世茂江滨花园瑞景湾,,,,,,,,235,"26,429"
保利东湾 4室2厅 南,保利东湾,,,,,,,,300,"26,815"
这是三房户型，两房朝南。，客厅朝东，采光好,保利东湾,,,,,,,,285,"27,375"
楼层视野好，采光充足，可直接拎包入住。,世茂江滨商业中心,,,,,,,,60,"15,508"
东湾四开间朝南的大四房 满五年一线江景 2梯2户,保利东湾,,,,,,,,480,"25,010"
大四房，高楼层，客厅朝南带阳台，四阳台，诚心卖,保利东湾,,,,,,,,475,"24,818"
户型方正 大四房，中间楼层，户型方正，业主诚心出售,世茂江滨花园峻景湾,,,,,,,,345,"25,562"
边套小三房 客厅朝南双阳台  满五唯一,保利玫瑰湾,,,,,,,,270,"30,935"
满五唯一  房东诚心卖  楼城好,世茂江滨花园瑞景湾,,,,,,,,380,"28,319"
湾天地精装LOFT公寓 家具家电全给 业主自住 诚心出售,保利湾天地二期,,,,,,,,107,"14,682"
观澜时代云邸  精装修跃层两房 诚心出售 拎包入住,观澜时代云邸苑,,,,,,,,260,"31,258"
顶跃三层 空中小别墅 精装修 拎包入住,宋都晨光国际,,,,,,,,375,"42,926"
玫瑰湾方正户型，远离高架，满五年，税费少,保利玫瑰湾,,,,,,,,265,"32,700"
诚心出售，纯边套的一线江景，无遮挡，自住精装修。,保利玫瑰湾,,,,,,,,260,"29,790"
小三房，双阳台，房东诚心卖，纯毛坯，有钥匙,保利玫瑰湾,,,,,,,,230,"25,633"
江滨地铁口，客厅朝南带阳台，卧室*大朝南,世茂江滨商业中心,,,,,,,,110,"16,353"
世茂广场 繁华地段 可随时看房 房东诚心出售,世茂江滨商业中心,,,,,,,,65,"15,667"
温馨小窝，全新装修，配套齐全，看房方便,金隅空港公馆,,,,,,,,72,"14,252"
世茂广场  精装公寓  拎包入住 诚心出售~！,世茂江滨商业中心,,,,,,,,82,"15,620"
房子精装修，次新房，单身公寓，业主诚心卖。,金隅空港公馆,,,,,,,,70,"13,856"
世茂广场精装修，家具家电齐全。可拎包入住。,世茂江滨商业中心,,,,,,,,68,"14,668"
空港公寓，沿江而建，交通便利，设施配套齐全房东诚售,金隅空港公馆,,,,,,,,80,"13,390"
总价低，租金即可还月供 ，距离地铁口200米,世茂江滨商业中心,,,,,,,,69,"14,788"
金隅空港公馆精装公寓  楼层好 采光佳  房东诚心出售,金隅空港公馆,,,,,,,,82,"15,764"
朝南 精装修可拎包入住 出租与自住都行,金隅空港公馆,,,,,,,,75,"14,418"
此房开发商统一装修，拎包入住，楼层好，采光好。,世茂江滨商业中心,,,,,,,,65,"14,333"
楼层好，采光充足视野开阔；业主精心呵护,金隅空港公馆,,,,,,,,63,"12,623"
一线江景房，朝南大边套，高层住宅,金隅空港公馆,,,,,,,,108,"19,348"
世茂广场 精装修公寓 地铁口步行50米中间楼层诚信出售,世茂江滨商业中心,,,,,,,,60,"15,500"
此房开发商统一装修，拎包入住，楼层好，采光佳。,世茂江滨商业中心,,,,,,,,70,"15,100"
金隅空港 品质小区 开发商精装,金隅空港公馆,,,,,,,,80,"14,671"
出门江滨地铁站 朝南 清爽装修 配套成熟,世茂江滨商业中心,,,,,,,,110,"16,282"
税费少，开发商精装修，业主诚心出售,金隅空港公馆,,,,,,,,70,"13,856"
精装修 高楼层 拎包入住 诚心出售  一室一厅 价格可谈,世茂江滨商业中心,,,,,,,,62,"13,371"
宜居公寓，价格便宜，沿江而建 全新而建 看房方便,金隅空港公馆,,,,,,,,70,"13,617"
开发商统一装修，房东诚心出售价格可谈。,世茂江滨商业中心,,,,,,,,88,"15,534"
世茂广场，地铁口，精装修公寓，可拎包入住,世茂江滨商业中心,,,,,,,,79,"14,974"
拎包入住，价格实惠，楼层好，采光佳,世茂江滨商业中心,,,,,,,,72,"15,531"
世茂广场 精装修 一居室 拎包入住 诚心出售,世茂江滨商业中心,,,,,,,,61,"14,629"
中间楼层 朝南采光好 清爽装修,世茂江滨商业中心,,,,,,,,92,"13,679"
世茂广场 精装修 一居室 拎包入住 诚心出售,世茂江滨商业中心,,,,,,,,66,"14,234"
业主诚售 此房开发商统一装修，拎包入住，价格实惠,世茂江滨商业中心,,,,,,,,83,"15,810"
空港公寓，精装修，江景视野很好,金隅空港公馆,,,,,,,,78,"14,305"
下沙江滨地铁口，一室一厅精装公寓，,世茂江滨商业中心,,,,,,,,79,"13,963"
诚心出售，一线江景房，开发商装修，拎包入住,金隅空港公馆,,,,,,,,75,"15,028"
沿街旺铺，人流鼎盛，上下两层，空间很大,保利湾天地二期,,,,,,,,249,"27,523"
精装修 高楼层 一室一厅一厨一卫 诚心出售,世茂江滨商业中心,,,,,,,,100,"14,915"
纯东边套 一线江景 毛坯 高层,世茂江滨花园瑞景湾,,,,,,,,750,"28,926"
世茂广场的小户型，采光好，楼层位置好,世茂江滨商业中心,,,,,,,,60,"15,500"
世茂广场  精装修 一室一厅采光好 诚心出售,世茂江滨商业中心,,,,,,,,106,"15,788"
此房开发商统一装修，拎包入住，楼层好，采光佳。,世茂江滨商业中心,,,,,,,,75,"16,074"
江滨站 旁 酒店式公寓  精装修 诚心卖,世茂江滨商业中心,,,,,,,,86,"16,301"
地铁一号线江滨站，出行方便，精心装修拎包入住！,世茂江滨商业中心,,,,,,,,70,"15,028"
世茂江滨商业中心 1室1厅 南,世茂江滨商业中心,,,,,,,,64,"14,293"
下沙江滨站口 精装平层公寓 可拎包入住,世茂江滨商业中心,,,,,,,,83,"15,711"
跃层户型，毛坯房可根据自己的风格来装修,观澜时代云邸苑,,,,,,,,560,"26,117"
高楼层，视野开阔，可看江，小户型,保利东湾,,,,,,,,180,"30,923"
纯边套，高楼层，视野好，全天采光无遮挡，诚心出售。,保利玫瑰湾,,,,,,,,308,"28,772"
此房满五唯一，格局好，楼层好，视野开阔，环境很好,保利东湾,,,,,,,,425,"36,861"
观澜时代云邸 一线江景 精装50万 带车位 诚心出售,观澜时代云邸苑,,,,,,,,270,"30,530"
天筑经典户型，一线江景大平层，视野无可挑剔,金隅观澜时代天筑,,,,,,,,420,"24,068"
晨光国际大三房  四开间朝南  自住装修拎包入住,宋都晨光国际,,,,,,,,345,"39,474"
房子户型很方正的，房子空间利用大， 保养清新!,金隅观澜时代天筑,,,,,,,,530,"26,294"
晨光精装修四房，自带地热，满五唯一，诚心出售,宋都晨光国际,,,,,,,,420,"30,624"
中高楼层 精装自住 拎包入住，家具电给,保利东湾,,,,,,,,410,"36,647"
此房为边套，得房率高，小三房布局合理,宋都晨光国际,,,,,,,,340,"37,938"
房子满五唯一，晨光国际跃层户型，业主诚心，随时可看,宋都晨光国际,,,,,,,,335,"38,317"
钱塘江畔，江景跃层，大四房，简约清爽风,保利东湾,,,,,,,,316,"28,245"
湾天地5.8米层高 三房两卫双阳台 有车位,保利湾天地二期,,,,,,,,150,"13,310"
下沙沿江小区，环境优美5.8米层高无可挑剔，央企开发,保利湾天地二期,,,,,,,,85,"17,929"
世茂广场   业主诚心卖   一居室,世茂江滨商业中心,,,,,,,,75,"16,102"
世茂江滨地铁口精装一室一厅 家私家电全 拎包入住,世茂江滨商业中心,,,,,,,,90,"14,642"
此方毛坯交付业主自己装修的，边套户型,世茂江滨商业中心,,,,,,,,76,"14,394"
开发商统一装修，拎包入住，价格实惠，楼层好，采光佳,世茂江滨商业中心,,,,,,,,100,"14,890"
精装修，楼层好，视野开阔，采光好,世茂江滨商业中心,,,,,,,,75,"16,638"
下沙江滨c口 精装拎包入住 房东诚心出售,世茂江滨商业中心,,,,,,,,65,"16,792"
中间楼层朝南采光好清爽装修 拎包入住出门江滨地铁口,世茂江滨商业中心,,,,,,,,105,"15,563"
地铁 口 中间楼层 开发商统一装修 业主诚心卖,世茂江滨商业中心,,,,,,,,120,"17,762"
地铁口交通便利，公寓房，统一装修,世茂江滨商业中心,,,,,,,,72,"15,451"
空港公寓，环江而建，交通便利，房东诚售，一线江景,金隅空港公馆,,,,,,,,110,"21,616"
高楼层 采光视野好 一线江景 装修3年 保养基本上全新,观澜时代云邸苑,,,,,,,,250,"28,287"
地铁口精装公寓，中间楼层，视野开阔，业主诚心出售！,世茂江滨商业中心,,,,,,,,85,"15,104"
精装公寓，配套全，楼层好，体验舒适生活,金隅空港公馆,,,,,,,,85,"16,340"
房东诚心卖 旁边就是地铁 交通便利,世茂江滨商业中心,,,,,,,,83,"14,652"
宜居公寓，价格便宜，沿江而建，景色宜人,金隅空港公馆,,,,,,,,75,"12,771"
精装修公寓，拎包入住价格美丽~,世茂江滨商业中心,,,,,,,,63,"16,364"
世茂广场公寓，精装修自住，诚心出售,世茂江滨商业中心,,,,,,,,66,"14,240"
房东诚心卖  精装修  拎包入住  楼层好,世茂江滨商业中心,,,,,,,,79,"14,037"
地铁口一室一厅带阳台精装修公寓,世茂江滨商业中心,,,,,,,,100,"14,868"
地铁口精装公寓，楼层好，视野宽阔,世茂江滨商业中心,,,,,,,,91,"17,255"
一线江景房，精装修家具家电全配全齐,金隅空港公馆,,,,,,,,120,"23,581"
空港朝南，中间楼层，可看江，业主诚心卖,金隅空港公馆,,,,,,,,80,"14,340"
税费少，开发商精装修，业主诚心出售,金隅空港公馆,,,,,,,,70,"13,856"
精装自住 满五税少 楼层好位置好 客厅透亮，采光充足,保利东湾,,,,,,,,215,"27,952"
边套户型，可看小区花园，业主诚心出售,保利东湾,,,,,,,,260,"29,309"
顶层带露台，江景视野好，房东诚心出,保利东湾,,,,,,,,300,"32,486"
中间楼层，精装两房，视野开阔，满五唯一,保利东湾,,,,,,,,232,"26,021"
保利湾天地二期精装LOFT公寓，房东诚心卖，税费少,保利湾天地二期,,,,,,,,118,"16,588"
满五唯一 精装修大两房 家电全留 拎包入住 江景房,保利东湾,,,,,,,,228,"29,642"
小区距离地铁1号线100米 交通便利 生活配套齐全,世茂江滨商业中心,,,,,,,,98,"14,597"
边套好房，冬暖夏凉，距地铁近。,世茂江滨花园碧景湾,,,,,,,,265,"29,846"
此房装修保养好，可拎包入住，自住出租皆宜。,世茂江滨商业中心,,,,,,,,138,"13,691"
满五唯一税费少，业主诚心出售。,世茂江滨花园瑞景湾,,,,,,,,220,"25,006"
刚需江景两房，楼层佳视野好采光好，自住诚心卖,保利东湾,,,,,,,,212,"27,961"
地铁口精装两房 可看江 南向双阳台 满五税费少 诚心卖,世茂江滨花园瑞景湾,,,,,,,,245,"28,036"
世茂广场精装两房，可拎包入住，交通便利,世茂江滨商业中心,,,,,,,,155,"15,377"
众里寻它千百度，蓦然回首，它就在万家灯火阑珊处,保利湾天地二期,,,,,,,,110,"11,669"
万家灯火城四畔，世茂一览钱塘余。,世茂江滨花园碧景湾,,,,,,,,249,"28,054"
开发商精装修，层高5.8米，楼层好，可看江景,保利湾天地,,,,,,,,115,"11,875"
双阳台户型方正，一线江景，采光好,世茂江滨花园峻景湾,,,,,,,,240,"27,338"
保利东湾，89方两房，中间楼层，边套全明户型，满五年,保利东湾,,,,,,,,267,"30,225"
满五年，税费少，装修清爽，自住保养好,世茂江滨花园瑞景湾,,,,,,,,275,"31,469"
江景视野无遮挡，业主自住保养干净，诚心出售。,世茂江滨花园峻景湾,,,,,,,,220,"24,598"
三期边套大四房，电梯入户，带入户花园,世茂江滨花园峻景湾,,,,,,,,400,"24,271"
保利东湾经典户型 业主诚心出售 高档家具家电全齐,保利东湾,,,,,,,,302,"33,125"
跃层不压抑 层高比较高，自住装修，楼层好。,保利湾天地,,,,,,,,100,"14,053"
满五年精装修一线江景好楼层诚心,保利东湾,,,,,,,,198,"33,806"
小公寓精装修 拎包即住 高楼层 采光好,世茂江滨商业中心,,,,,,,,120,"17,874"
此房楼层高，采光好，三阳台户型 ，明厨明卫,保利东湾,,,,,,,,223,"28,992"
loft两层结构，精装两房，拎包入住,保利湾天地二期,,,,,,,,95,"13,036"
满五唯一自住精装修两房，经典朝南双阳台户型,保利东湾,,,,,,,,235,"30,405"
世茂双阳台户型，业主诚心出售。,世茂江滨花园瑞景湾,,,,,,,,265,"29,478"
保利东湾两房户型  楼层好  采光无遮挡   房东诚心卖,保利东湾,,,,,,,,175,"27,730"
观澜时代纯东边套两房、房东诚心出售、随时可看,金隅观澜时代天筑,,,,,,,,220,"25,947"
玫瑰湾户型方正，两房中间套户型，诚心出售,保利玫瑰湾,,,,,,,,230,"28,382"
满五年，房东诚心卖，楼层好，采光无遮挡,金隅观澜时代瀚庭,,,,,,,,242,"27,201"
精装自住，全明户型，诚售，楼层合适，采光充足,世茂江滨花园峻景湾,,,,,,,,255,"28,945"
江景，跃层，大阳台，自住精装，天筑小户型2＋1房！,金隅观澜时代天筑,,,,,,,,278,"33,135"
边套 精装修两房 南北通透 满五年 江景视野好,保利东湾,,,,,,,,260,"29,051"
观澜时代大四房 跃层户型 毛坯可随时装修 满两年,观澜时代云邸苑,,,,,,,,550,"25,651"
精装修，一线江景，中间楼层，小区花园位置,金隅观澜时代天筑,,,,,,,,255,"30,394"
开发商统一精装保养好 拎包入住 采光视野都好诚心卖,世茂江滨商业中心,,,,,,,,88,"16,686"
此房满五唯一，税费少，带装修业主自住，近地铁，,宋都晨光国际,,,,,,,,205,"31,203"
"观澜时代精装两室，楼层佳，价格合适,江景房",金隅观澜时代天筑,,,,,,,,230,"27,184"
满五唯一，房东自住装修，高楼层视野开阔,世茂江滨花园峻景湾,,,,,,,,235,"26,675"
得房使用率高，配套成熟，近钱塘江，视野好,保利东湾,,,,,,,,180,"29,743"
世茂江滨花园，近地铁，好楼层，房东诚心出售,世茂江滨花园碧景湾,,,,,,,,245,"29,366"
精装修大两房，满五年好楼层，诚心卖,世茂江滨花园峻景湾,,,,,,,,262,"29,294"
下沙沿江保利东湾两房居家小户型纯毛坯,保利东湾,,,,,,,,230,"30,066"
世茂开发，绿城物业，地铁900米，3房格局。,世茂江滨花园瑞景湾,,,,,,,,268,"30,668"
精致小两房，满两年带*大的露台,保利东湾,,,,,,,,180,"30,571"
地铁口，开发商统一精装修，客厅带阳，南北都有采光的,世茂江滨商业中心,,,,,,,,155,"15,379"
保利东湾 客厅带阳台 户型方正,保利东湾,,,,,,,,222,"28,723"
保利开发 精装修交付公寓 上下两层 动静分离,保利湾天地,,,,,,,,116,"12,019"
此房为边套，得房率高，小三房布局合理，精装修50万,宋都晨光国际,,,,,,,,280,"31,244"
东边套 中间楼层，江景视野 采光好 看房方便,世茂江滨花园碧景湾,,,,,,,,290,"32,618"
央企开发商，统一精装修，可拎包入住，省时省力。,保利湾天地,,,,,,,,110,"15,459"
360度一线江景，跃层高挑高，落地窗，采光好,金隅观澜时代天筑,,,,,,,,240,"28,035"
开发商统一装修，拎包入住，价格实惠，楼层好 采光佳,世茂江滨商业中心,,,,,,,,150,"14,880"
沿江板块 环境优美 5.8米层高 楼层好,保利湾天地,,,,,,,,100,"14,053"
央企开发，中高楼层，采光视野都很好的，简约时尚风格,保利东湾,,,,,,,,190,"30,730"
保利东湾  61方 温馨两房  满五唯一 自住精装 大阳台,保利东湾,,,,,,,,200,"32,347"
满五、四开间朝南户型方正、自住精装修、诚心出售,金隅观澜时代朗轩,,,,,,,,270,"30,925"
世茂开发，绿城物业，地铁900米，刚需2房,世茂江滨花园瑞景湾,,,,,,,,225,"25,548"
诚心出售，方便看房，中间楼层，精装修，采光很好！,保利湾天地二期,,,,,,,,120,"12,374"
置换诚售  边套自住清爽装修  客厅带阳台 江景视野好,保利东湾,,,,,,,,239,"26,894"
小区环境优美，户型方正，采光好，无遮挡,世茂江滨花园峻景湾,,,,,,,,210,"23,902"
房子是满五年的，楼层高视野好，可看江景,金隅观澜时代天筑,,,,,,,,220,"25,692"
保利东湾两房户型  楼层好  采光无遮挡   房东诚心卖,保利东湾,,,,,,,,175,"27,730"
湾天地 边套 中间楼层 精装修  采光好,保利湾天地二期,,,,,,,,115,"19,462"
满五唯一自住精装修两房，经典朝南双阳台户型,保利东湾,,,,,,,,235,"30,405"
世茂双阳台户型，业主诚心出售。,世茂江滨花园瑞景湾,,,,,,,,265,"29,478"
满五年，精装自住，诚心卖，看房方便。,保利玫瑰湾,,,,,,,,235,"28,362"
Loft户型，朝南采光充足江景房，看房方便。,观澜时代云邸苑,,,,,,,,205,"24,646"
loft两层结构，精装两房，拎包入住,保利湾天地二期,,,,,,,,95,"13,036"
满五唯一，楼层好，精装修可拎包入住，户型方正,世茂江滨花园碧景湾,,,,,,,,255,"29,220"
满五年，房东诚心卖，楼层好，采光无遮挡,金隅观澜时代瀚庭,,,,,,,,242,"27,201"
精装修大两房  近地铁口位置近 房子保养的好 视野好,世茂江滨花园瑞景湾,,,,,,,,260,"29,553"
精装自住，全明户型，诚售，楼层合适，采光充足,世茂江滨花园峻景湾,,,,,,,,255,"28,945"
玫瑰湾户型方正，两房中间套户型，诚心出售,保利玫瑰湾,,,,,,,,230,"28,382"
观澜时代纯东边套两房、房东诚心出售、随时可看,金隅观澜时代天筑,,,,,,,,220,"25,947"
保利东湾，精装两房，小区环境好，配套成熟，交通便利,保利东湾,,,,,,,,255,"28,425"
两房带阳台，配套成熟，近钱塘江，视野好,保利东湾,,,,,,,,190,"30,730"
朗诗物业，精装双阳台，正对小区花园环境好,世茂江滨花园峻景湾,,,,,,,,250,"28,303"
观澜时代天筑一线江景 精装自住.诚心出售 满五唯一,金隅观澜时代天筑,,,,,,,,268,"31,608"
"观澜时代精装两室，楼层佳，价格合适,江景房",金隅观澜时代天筑,,,,,,,,230,"27,184"
满五唯一税费少，业主诚心出售。,世茂江滨花园瑞景湾,,,,,,,,220,"25,006"
此房满五唯一，税费少，带装修业主自住，近地铁，,宋都晨光国际,,,,,,,,205,"31,203"
此房装修保养好，可拎包入住，自住出租皆宜。,世茂江滨商业中心,,,,,,,,138,"13,691"
满五唯一，房东自住装修，高楼层视野开阔,世茂江滨花园峻景湾,,,,,,,,235,"26,675"
开发商统一精装保养好 拎包入住 采光视野都好诚心卖,世茂江滨商业中心,,,,,,,,88,"16,686"
边套好房，冬暖夏凉，距地铁近。,世茂江滨花园碧景湾,,,,,,,,265,"29,846"
360度一线江景，跃层高挑高，落地窗，采光好,金隅观澜时代天筑,,,,,,,,240,"28,035"
东湾跃层精装修满五唯一，四阳台好楼层业主诚心卖,保利东湾,,,,,,,,365,"32,625"
5.8米层可挑剔，精装修，上下两层,保利湾天地,,,,,,,,115,"11,875"
楼层好，朝南可看江景，阳光充足，视野开阔 亏卖,金隅观澜商业中心,,,,,,,,68,"17,043"
空港公寓  精装修  方便看房,金隅空港公馆,,,,,,,,68,"13,461"
房东急卖！急卖！急卖!  沿江而建,金隅空港公馆,,,,,,,,75,"13,444"
沿江精装公寓，采光好户型方正，视野好,金隅空港公馆,,,,,,,,71,"13,021"
此房带装修 拎包入住 诚心出售 精装一居室 一室一厅,世茂江滨商业中心,,,,,,,,90,"13,423"
保利湾天地层高5.6米  两室两卫全新未住过人,保利湾天地二期,,,,,,,,135,"15,627"
保利湾天地，高楼层loft，房东出售很诚心，税费少。,保利湾天地,,,,,,,,102,"14,334"
湾天地二期5.6米层高 带阳台双卧室双卫,保利湾天地二期,,,,,,,,95,"13,036"
5.8米层高，居住不压抑，朝南 双阳台，可看江景,保利湾天地二期,,,,,,,,118,"12,522"
精装修，拎包入住，价格实惠，楼层好，采光佳,世茂江滨商业中心,,,,,,,,92,"13,697"
氛围年轻精装公寓 视野佳 采光充足,世茂江滨商业中心,,,,,,,,106,"15,690"
世茂广场交通便利 位置优越 生活配套齐全,世茂江滨商业中心,,,,,,,,113,"16,798"
保利央企，精装修，上下两层，动静分离。,保利湾天地二期,,,,,,,,95,"13,036"
loft两层结构，精装两房，拎包入住，诚心卖,保利湾天地二期,,,,,,,,110,"15,463"
业主自住精装loft，楼层采光视野好，诚心卖,保利湾天地二期,,,,,,,,118,"16,588"
保利湾天地精装上下两层LOFT公寓，房东诚心卖,保利湾天地,,,,,,,,77,"16,653"
保利玫瑰湾 自住精装 一线江景 业主诚心卖 满五唯一,保利玫瑰湾,,,,,,,,251,"30,595"
保利央企，精装修，5.6米层高，上下两层，动静分离。,保利湾天地,,,,,,,,105,"14,384"
房东诚心出售！大两房 双阳台 动静分离 双卫生间,保利湾天地,,,,,,,,115,"11,875"
自住精装，重新装修过，干净清爽，跃层大2房,保利湾天地二期,,,,,,,,135,"13,907"
湾天地5.8米层高带阳台楼层好家电家具齐全拎包入住,保利湾天地二期,,,,,,,,92,"12,624"
此房通透户型。高楼层，广视野，好采光 带装修。,世茂江滨商业中心,,,,,,,,79,"15,051"
世茂广场，地铁口，精装修，朝南带阳台，带家电,世茂江滨商业中心,,,,,,,,100,"14,868"
保利湾天地上下两层 房东急卖 价格可谈 自住租出皆可,保利湾天地,,,,,,,,82,"17,734"
金隅空港沿江而建，交通便利，配套齐全，业主诚心出售,金隅空港公馆,,,,,,,,99,"16,209"
业主自住精装修，采光良好，楼层适中,保利湾天地,,,,,,,,86,"18,599"
楼层好，采光充足视野开阔；业主精心呵护,金隅空港公馆,,,,,,,,75,"12,041"
开发商统一精装修诚心卖看房方便,世茂江滨商业中心,,,,,,,,59,"15,345"
观澜朗轩跃层户型 满五年 诚心卖  自住精装 保养很好,金隅观澜时代朗轩,,,,,,,,310,"30,060"
视野宽阔，采光充足，交通方便。,世茂江滨花园瑞景湾,,,,,,,,350,"26,460"
观澜天筑 中间楼层  户型方正,金隅观澜时代天筑,,,,,,,,450,"25,787"
观澜时代大跃层 五房三阳台 东边套 户型方正采光充足,金隅观澜时代天筑,,,,,,,,595,"29,761"
观澜时代大四房，中间楼层带装修，满五年,金隅观澜时代瀚庭,,,,,,,,399,"28,935"
东湾南北通三房两卫  精装客厅阳台  一梯一户诚心卖,保利东湾,,,,,,,,295,"31,390"
精装可拎包入住，得房率高，配套成熟，南北朝向,保利东湾,,,,,,,,280,"29,658"
精装修四房，楼层合适，江景效果好，近地铁，诚心出售,世茂江滨花园瑞景湾,,,,,,,,420,"30,420"
楼层好，视野开阔，采光充足，交通十分便利,世茂江滨花园峻景湾,,,,,,,,239,"26,722"
东湾精装两房，保利央企，离小区出入口近出行方便,保利东湾,,,,,,,,282,"31,722"
精装修跃层 拎包入住 业主诚心出售,宋都晨光国际,,,,,,,,335,"38,904"
保利东湾104方户型  边套  价格可谈 房东诚心卖,保利东湾,,,,,,,,285,"27,336"
碧景湾纯边套好房 精装修 三房 楼层好,世茂江滨花园碧景湾,,,,,,,,280,"31,493"
纯东边套，2梯2户，楼层好，视野开阔，采光好！,保利东湾,,,,,,,,480,"25,092"
观澜时代大跃层 纯东边套 户型方正,金隅观澜时代天筑,,,,,,,,460,"23,157"
一线江景房，大四房，业主诚心出售,保利东湾,,,,,,,,379,"33,173"
中高楼层两房加一书房全民刚需户型,世茂江滨花园峻景湾,,,,,,,,235,"26,316"
保利玫瑰湾精装边套三房，满五年唯一无个税增值税,保利玫瑰湾,,,,,,,,288,"34,274"
满五年无增值税，自住精装修，房东诚心出售，可随时签,宋都晨光国际,,,,,,,,300,"33,621"
东湾跃层精装修满五唯一，四阳台好楼层业主诚心卖,保利东湾,,,,,,,,365,"32,625"
房东自住精装修  中间楼层  视野好 近地铁,世茂江滨花园碧景湾,,,,,,,,365,"30,191"
中高楼层，业主诚心出售，楼层视野好,保利东湾,,,,,,,,370,"33,072"
中间楼层，格局正气，房东诚心出售。,宋都晨光国际,,,,,,,,315,"35,303"
世茂江滨花园 满五年 中间楼层 一线江景采光充足,世茂江滨花园瑞景湾,,,,,,,,370,"27,416"
中间楼层，采光好，视野佳，物业棒，刚需置业优质选择,保利东湾,,,,,,,,235,"26,263"
晨光国际，地铁口的品质住宅，落地窗，满五唯一,宋都晨光国际,,,,,,,,289,"32,389"
精装修，楼层好，视野宽阔，采光充足，江景房~,世茂江滨花园峻景湾,,,,,,,,390,"28,980"
东湾三房双阳台户型，精装自住，实木家具！满五唯一！,保利东湾,,,,,,,,290,"30,786"
精装修30万，世茂三房边套，诚心出售另有车位出售可议,世茂江滨花园瑞景湾,,,,,,,,262,"29,066"
保利经典三房户型，中高楼层，房东诚心出售,保利东湾,,,,,,,,280,"30,669"
楼层好，朝南可看江景，阳光充足，视野开阔；,金隅空港公馆,,,,,,,,90,"17,686"
空中别墅，毛坯房 可根据自己风格来装,金隅观澜时代天筑,,,,,,,,1380,"29,437"
空港公寓沿江而建，交通便利设施配套齐全，房东诚售！,金隅空港公馆,,,,,,,,68,"13,072"
户型格局好，单价低，得房率高，房东诚心,金隅观澜时代天筑,,,,,,,,555,"23,816"
金隅金座朝南精装修公寓，诚心出售,金隅空港公馆,,,,,,,,71,"12,727"
地铁口，开发商统一精装修，中间楼层，诚心出售,世茂江滨商业中心,,,,,,,,82,"14,565"
户型格局好，单价低；房东诚心卖,金隅观澜时代天筑,,,,,,,,460,"21,114"
地铁口精装公寓 双开间朝南 厅室分开楼层好 采光好,世茂江滨商业中心,,,,,,,,95,"15,453"
观澜时代大四房 精装修拎包入住 视线开阔一线江景,观澜时代云邸苑,,,,,,,,530,"24,572"
此房诚心出售，一室一厅 精装修,世茂江滨商业中心,,,,,,,,75,"16,095"
业主自住装修保养不错，价格可谈,世茂江滨商业中心,,,,,,,,56,"14,411"
世茂三期 双阳台两居室 精装修 满五唯一,世茂江滨花园峻景湾,,,,,,,,245,"27,737"
楼层优，位于中间楼层，满五年，一线江景，业主诚售,保利东湾,,,,,,,,180,"30,923"
一线江景，满五唯一，中高楼层，精装自住,保利玫瑰湾,,,,,,,,245,"29,568"
5.8米层高楼层好，视野开阔，看房方便，精装修,保利湾天地,,,,,,,,110,"11,397"
双阳台  楼层高 视野好 带装修 房东诚心卖,世茂江滨花园瑞景湾,,,,,,,,240,"27,464"
开发精装修，5.6米层高LOFT，两房两卫，动静分离,保利湾天地二期,,,,,,,,115,"11,859"
5.8米层高，南北朝向，双阳台，精装修，动静分离,保利湾天地,,,,,,,,95,"13,351"
满五唯一 精装修自住 房子保养的好 中间楼层可看江景,保利东湾,,,,,,,,240,"31,052"
江滨站地铁口 ，中间楼层，精装修，江边漫步,世茂江滨花园瑞景湾,,,,,,,,258,"29,486"
满五唯一、两房精装修、双阳台、格局好,保利玫瑰湾,,,,,,,,245,"30,114"
此房满五、精装两房可拎包入住 有车位,保利东湾,,,,,,,,260,"29,489"
观澜时代云邸 83方  时尚跃层 精装30万 诚心出售,观澜时代云邸苑,,,,,,,,238,"28,412"
精装大两房 高楼层 视野开阔 看房方便,世茂江滨花园峻景湾,,,,,,,,238,"26,611"
边套户型，好楼层 采光好  江滨站旁边,世茂江滨花园碧景湾,,,,,,,,270,"30,409"
保利精装修 两房  拎包入住     看房提前约,保利东湾,,,,,,,,235,"31,126"
保利湾天地二期精装LOFT公寓，房东诚心卖，税费少,保利湾天地二期,,,,,,,,118,"16,588"
边套户型，可看小区花园，业主诚心出售,保利东湾,,,,,,,,260,"29,309"
众里寻它千百度，蓦然回首，它就在万家灯火阑珊处,保利湾天地二期,,,,,,,,110,"11,669"
万家灯火城四畔，世茂一览钱塘余。,世茂江滨花园碧景湾,,,,,,,,249,"28,054"
湾天地一期大跃层四房四阳台业主诚心出售,保利湾天地,,,,,,,,180,"13,641"
三房两卫户型正气，满五年税费少，纯毛坯。,保利东湾,,,,,,,,270,"28,868"
天筑经典户型，精装修，一线江景房,金隅观澜时代天筑,,,,,,,,380,"28,982"
楼层好，跃四户型，能看江景，小区品质好,宋都晨光国际,,,,,,,,360,"40,587"
360度一线江景，百万精美装修  采光抄好,金隅观澜时代天筑,,,,,,,,620,"34,089"
边套户型，采光好，下沙江滨地铁口，精装修可拎包入住,宋都晨光国际,,,,,,,,420,"30,808"
满五年 精装边套三房 拎包入住,宋都晨光国际,,,,,,,,318,"35,615"
保利东湾 4室2厅 北 南,保利东湾,,,,,,,,580,"30,220"
世茂江滨，中间套三房，带装修，看房方便,世茂江滨花园瑞景湾,,,,,,,,255,"28,866"
大四房 精装修 全明户型 楼层适中,宋都晨光国际,,,,,,,,580,"34,322"
云邸精装大跃层 百万精装 满五年 一线江景,观澜时代云邸苑,,,,,,,,540,"25,185"
简单装修，可自由装修，利用空间大，视野好，诚心卖,宋都晨光国际,,,,,,,,480,"29,139"
保利湾天地 中高楼层 朝南视野好 精装自住 诚心卖,保利湾天地二期,,,,,,,,92,"12,933"
房子户型好，楼层好视野佳，江景好 采光充足 交通便利,保利东湾,,,,,,,,320,"27,839"
满五年，业主自住精装修，高楼层，视野开阔，一线江景,保利东湾,,,,,,,,380,"31,572"
品质晨光边套大三房，精装修，税费少，楼层好，视野佳,宋都晨光国际,,,,,,,,400,"29,360"
房子满五年，精装修，房子户型方正，一线江景房。,世茂江滨花园碧景湾,,,,,,,,550,"29,764"
精装修4房，保养的好，看中价格可谈，诚心出售,世茂江滨花园碧景湾,,,,,,,,420,"26,721"
户型方正、标准小三房、主卧带阳台、高楼层,保利东湾,,,,,,,,300,"32,031"
保利东湾 楼层好 视野开阔 客厅阳台  采光好 诚心卖,保利东湾,,,,,,,,400,"29,311"
观澜时代云邸江景跃层，诚心出售！,观澜时代云邸苑,,,,,,,,440,"23,355"
下沙地一江景，视野开阔。满五唯一。,保利东湾,,,,,,,,235,"26,554"
"五唯一 朗诗物业，绿化好,小区中间位置",宋都晨光国际,,,,,,,,370,"27,156"
高楼层，视野开阔。采光足。三个阳台江景好,世茂江滨花园碧景湾,,,,,,,,388,"31,198"
观澜时代云邸苑 3室2厅 南,观澜时代云邸苑,,,,,,,,249,"28,063"
清爽装修方正两房，江景视野好，业主诚心出售,世茂江滨花园峻景湾,,,,,,,,235,"26,681"
晨光国际精装修四房视野开阔诚心出售,宋都晨光国际,,,,,,,,598,"34,711"
世茂江滨花园 自住精装修 诚心出售 可看房 带两个车位,世茂江滨花园碧景湾,,,,,,,,450,"33,435"
满五唯一纯边套   业主诚心出售,世茂江滨花园峻景湾,,,,,,,,253,"28,345"
边套户型，带装修可拎包入住，采光好，下沙江滨地铁口,宋都晨光国际,,,,,,,,350,"25,690"
保利精装，四阳台，带大露台，房东诚心。,保利东湾,,,,,,,,369,"27,137"
世茂三期    精装修4房  满五年  看房方便,世茂江滨花园峻景湾,,,,,,,,368,"27,258"
此房通透性好 采光好 精装跃层，带地暖，诚心出售,金隅观澜时代朗轩,,,,,,,,302,"30,197"
精装可拎包入住，得房率高，配套成熟，南北朝向,保利东湾,,,,,,,,280,"29,658"
三面采光，大三房，不一样的一线江景，西式装修约50万,观澜时代云邸苑,,,,,,,,435,"27,639"
晨光国际 东边套大四房 户型全明 精装修 诚心出售,宋都晨光国际,,,,,,,,580,"34,322"
自住精装修，小三房带双阳台，高楼层，满五年，诚心卖,保利玫瑰湾,,,,,,,,310,"35,514"
世茂精装修两房  楼层好  视野好  房东诚心卖,世茂江滨花园峻景湾,,,,,,,,240,"27,171"
精装修4房，保养的好，看中价格可谈，诚心出售,世茂江滨花园碧景湾,,,,,,,,420,"26,721"
世茂江滨，中间套三房，带装修，看房方便,世茂江滨花园瑞景湾,,,,,,,,255,"28,866"
保利东湾 4室2厅 北 南,保利东湾,,,,,,,,580,"30,220"
此房业主自住装修 采光无遮挡 视野开阔 满五看房方便,观澜时代云邸苑,,,,,,,,225,"27,050"
观澜时代大平层 一线江景房 精装修 视野开阔 诚心出售,金隅观澜时代天筑,,,,,,,,630,"31,255"
360度一线江景，百万精美装修  采光抄好,金隅观澜时代天筑,,,,,,,,620,"34,089"
品质晨光边套大三房，精装修，税费少，楼层好，视野佳,宋都晨光国际,,,,,,,,400,"29,360"
满五年 精装边套三房 拎包入住,宋都晨光国际,,,,,,,,318,"35,615"
此房精装修纯边套，房价实惠 楼层好，全明户型。,宋都晨光国际,,,,,,,,319,"35,727"
宋都晨光国际  1号线50米 94方 精装修3房,宋都晨光国际,,,,,,,,320,"33,806"
精装修四房 近地铁，有小区花园！,世茂江滨花园瑞景湾,,,,,,,,410,"30,545"
世茂一期江景视野好的房子，业主自住装修，边上有地铁,世茂江滨花园碧景湾,,,,,,,,279,"31,045"
"五唯一 朗诗物业，绿化好,小区中间位置",宋都晨光国际,,,,,,,,370,"27,156"
宋都晨光国际跃层，近地铁，交通便利，居住舒适度较高,宋都晨光国际,,,,,,,,328,"38,091"
下沙江滨地铁口精装三房，中间楼层满五唯一，诚心出售,宋都晨光国际,,,,,,,,310,"34,742"
保利东湾 三阳台 精装自住 中间楼层 江景视野好,保利东湾,,,,,,,,410,"25,183"
房东诚心出售、满五唯一、西边套 、看房方便,宋都晨光国际,,,,,,,,300,"33,599"
楼层好，视野开阔，采光无遮挡。,宋都晨光国际,,,,,,,,460,"27,221"
边套户型，采光好，下沙江滨地铁口，精装修可拎包入住,宋都晨光国际,,,,,,,,420,"30,808"
观澜时代云邸江景跃层，诚心出售！,观澜时代云邸苑,,,,,,,,440,"23,355"
下沙地一江景，视野开阔。满五唯一。,保利东湾,,,,,,,,235,"26,554"
精装修4房，保养的好，看中价格可谈，诚心出售,世茂江滨花园碧景湾,,,,,,,,420,"26,721"
晨光夹边套户型，楼层好，视野开阔,宋都晨光国际,,,,,,,,300,"33,610"
满五年 精装边套三房 拎包入住,宋都晨光国际,,,,,,,,318,"35,615"
满五年，业主自住精装修，高楼层，视野开阔，一线江景,保利东湾,,,,,,,,380,"31,572"
晨光国际精装修四房视野开阔诚心出售,宋都晨光国际,,,,,,,,598,"34,711"
房子楼幢位置很好的，前后都无视野遮挡   满五唯一,世茂江滨花园瑞景湾,,,,,,,,590,"22,737"
地铁口， 小三房，适合刚需自住 小区绿化好 采光好,世茂江滨花园瑞景湾,,,,,,,,265,"29,478"
保利玫瑰湾 套内：91.3方 满五唯一  三房三阳台,保利玫瑰湾,,,,,,,,285,"32,557"
楼层好 视野开阔 边套户型 采光好 2梯2户 满五年,保利东湾,,,,,,,,370,"27,571"
精装修的，看房方便，业主诚心卖！,保利玫瑰湾,,,,,,,,428,"31,035"
中间楼层，可看江景，全明户型，满五唯一,保利东湾,,,,,,,,365,"28,836"
保利东湾边套户型，利用面积大，客厅带阳台， 诚心卖,保利东湾,,,,,,,,218,"28,180"
世茂江滨花园，满五年，中间楼层，采光好，边套户型,世茂江滨花园峻景湾,,,,,,,,340,"27,229"
楼层好，采光无遮挡，视野开阔，户型方正,世茂江滨花园碧景湾,,,,,,,,469,"26,753"
观澜天筑 中间楼层  户型方正,金隅观澜时代天筑,,,,,,,,450,"25,787"
观澜朗轩跃层户型 满五年 诚心卖  自住精装 保养很好,金隅观澜时代朗轩,,,,,,,,310,"30,060"
房子满五唯一 近地铁 绿城物业 诚心卖,世茂江滨花园瑞景湾,,,,,,,,350,"26,460"
房子是精装修三房，从未出租过。诚心卖。,金隅观澜时代朗轩,,,,,,,,268,"28,664"
世茂江滨花园 自住精装修 诚心出售 可看房 带两个车位,世茂江滨花园碧景湾,,,,,,,,450,"33,435"
此房业主自住装修 采光无遮挡 视野开阔 满五看房方便,观澜时代云邸苑,,,,,,,,225,"27,050"
观澜时代大平层 一线江景房 精装修 视野开阔 诚心出售,金隅观澜时代天筑,,,,,,,,630,"31,255"
保利东湾经典三房格局，采光好，诚心出售,保利东湾,,,,,,,,350,"30,298"
满五唯一，自住精装修，采光好，视野开阔,观澜时代云邸苑,,,,,,,,230,"27,050"
得房率比较高  精装修 楼层适中,金隅观澜时代朗轩,,,,,,,,259,"27,701"
观澜时代云邸苑 3室2厅 南,观澜时代云邸苑,,,,,,,,249,"28,063"
"五唯一 朗诗物业，绿化好,小区中间位置",宋都晨光国际,,,,,,,,370,"27,156"
世茂一期江景视野好的房子，业主自住装修，边上有地铁,世茂江滨花园碧景湾,,,,,,,,279,"31,045"
观澜优质户型，一览江景，动静分离,金隅观澜时代天筑,,,,,,,,249,"29,110"
晨光国际 东边套大四房 户型全明 精装修 诚心出售,宋都晨光国际,,,,,,,,580,"34,322"
自住精装修，小三房带双阳台，高楼层，满五年，诚心卖,保利玫瑰湾,,,,,,,,310,"35,514"
近地铁，满五唯一，业主诚心出售,宋都晨光国际,,,,,,,,380,"27,874"
观澜时代云邸精装跃层两房，业主诚心出售，满五唯一的,观澜时代云邸苑,,,,,,,,215,"25,848"
世茂精装修两房  楼层好  视野好  房东诚心卖,世茂江滨花园峻景湾,,,,,,,,240,"27,171"
保利东湾 自住精装修带地暖 家电家具全新 满五年,保利东湾,,,,,,,,350,"27,508"
世茂江滨花园  精装修大三房  业主诚心出售  看房方便,世茂江滨花园峻景湾,,,,,,,,255,"28,556"
晨光经典跃层 精装修 中间楼层通透好采光好,宋都晨光国际,,,,,,,,385,"44,051"
自住精装大三房，双阳台满五唯一诚心出售,保利东湾,,,,,,,,310,"29,561"
此房业主自住40万精装 采光无遮挡 视野开阔 看房方便,观澜时代云邸苑,,,,,,,,258,"30,077"
观澜时代跃层两房经典户型，好楼层视野好,观澜时代云邸苑,,,,,,,,235,"28,010"
杭城之巅 一览下沙 全明户型 业主诚心 潮起天筑,金隅观澜时代天筑,,,,,,,,550,"30,240"
楼层好，视野好，精装修，业主诚心卖,世茂江滨花园峻景湾,,,,,,,,370,"29,631"
经典大四房，满五唯一，自住精装，诚心出售,保利玫瑰湾,,,,,,,,420,"30,617"
观澜时代云邸，精致装修四居室 ，此房满五唯一税费少,观澜时代云邸苑,,,,,,,,450,"29,110"
金隅观澜时代瀚庭 大四房 面积大户型正,金隅观澜时代瀚庭,,,,,,,,385,"27,913"
得房使用率高，配套成熟，近钱塘江，视野好,保利东湾,,,,,,,,270,"29,616"
观澜时代大四房 精装修拎包入住 视线开阔一线江景,观澜时代云邸苑,,,,,,,,579,"27,004"
观澜精装4房，满五年，诚心出售。,金隅观澜时代朗轩,,,,,,,,382,"28,095"
保利大三房加储物间，精装修拎包入住,保利东湾,,,,,,,,385,"30,416"
金隅观澜时代朗轩 3室2厅 南,金隅观澜时代朗轩,,,,,,,,366,"35,490"
满五唯一，诚心出售，税费少，户型方正,保利东湾,,,,,,,,345,"25,488"
晨光新上边套精装好房，采光佳，交通便利,宋都晨光国际,,,,,,,,395,"28,993"
户型方正、标准小三房、主卧带阳台、高楼层,保利东湾,,,,,,,,300,"32,031"
保利东湾 楼层好 视野开阔 客厅阳台  采光好 诚心卖,保利东湾,,,,,,,,400,"29,311"
保利好房，诚心出售，楼层适中，视野开阔,保利东湾,,,,,,,,360,"27,300"
中高楼层 满五唯一 品质装修40万三房 客厅带阳台江景,保利东湾,,,,,,,,280,"29,886"
三面采光，大三房，不一样的一线江景，西式装修约50万,观澜时代云邸苑,,,,,,,,435,"27,639"
房东诚心出售，房子保养很好，满五没有增值税！,金隅观澜时代朗轩,,,,,,,,265,"30,012"
晨光国际 跃层精装自住 近地铁三房 采光充足 户型方正,宋都晨光国际,,,,,,,,340,"39,850"
央企保利 精装修四房 南北透通 户型方正 楼层好,保利东湾,,,,,,,,430,"31,509"
观澜经典户型双阳台，高楼层，业主诚心出售，满五唯一,金隅观澜时代朗轩,,,,,,,,270,"30,731"
精装修，带地暖，小三房，可拎包入住，格局好,金隅观澜时代朗轩,,,,,,,,250,"28,634"
